[
    {
        "item_id":35
    },
    {
        "item_id":36
    },
    {
        "item_id":37
    },
    {
        "item_id":38
    },
    {
        "item_id":39
    },
    {
        "item_id":40
    },
    {
        "item_id":41
    },
    {
        "item_id":42
    },
    {
        "item_id":43
    },
    {
        "item_id":44
    },
    {
        "item_id":45
    },
    {
        "item_id":46
    },
    {
        "item_id":47
    },
    {
        "item_id":48
    },
    {
        "item_id":49
    }
]