[
    {
        "item_id":95
    },
    {
        "item_id":96
    },
    {
        "item_id":97
    },
    {
        "item_id":98
    },
    {
        "item_id":99
    },
    {
        "item_id":100
    },
    {
        "item_id":101
    },
    {
        "item_id":102
    },
    {
        "item_id":103
    },
    {
        "item_id":104
    },
    {
        "item_id":105
    },
    {
        "item_id":106
    },
    {
        "item_id":107
    },
    {
        "item_id":108
    },
    {
        "item_id":109
    }
]