[
    {
        "item_id":140
    },
    {
        "item_id":141
    },
    {
        "item_id":142
    },
    {
        "item_id":143
    },
    {
        "item_id":144
    },
    {
        "item_id":145
    },
    {
        "item_id":146
    },
    {
        "item_id":147
    },
    {
        "item_id":148
    },
    {
        "item_id":149
    },
    {
        "item_id":150
    },
    {
        "item_id":151
    },
    {
        "item_id":152
    },
    {
        "item_id":153
    },
    {
        "item_id":154
    }
]