[
    {
        "item_id":170
    },
    {
        "item_id":171
    },
    {
        "item_id":172
    },
    {
        "item_id":173
    },
    {
        "item_id":174
    },
    {
        "item_id":175
    },
    {
        "item_id":176
    },
    {
        "item_id":177
    },
    {
        "item_id":178
    },
    {
        "item_id":179
    },
    {
        "item_id":180
    },
    {
        "item_id":181
    },
    {
        "item_id":182
    },
    {
        "item_id":183
    },
    {
        "item_id":184
    }
]