[
    {
        "item_id":200
    },
    {
        "item_id":201
    },
    {
        "item_id":202
    },
    {
        "item_id":203
    },
    {
        "item_id":204
    },
    {
        "item_id":205
    },
    {
        "item_id":206
    },
    {
        "item_id":207
    },
    {
        "item_id":208
    },
    {
        "item_id":209
    },
    {
        "item_id":210
    },
    {
        "item_id":211
    },
    {
        "item_id":212
    },
    {
        "item_id":213
    },
    {
        "item_id":214
    }
]