[
    {
        "item_id":215
    },
    {
        "item_id":216
    },
    {
        "item_id":217
    },
    {
        "item_id":218
    },
    {
        "item_id":219
    },
    {
        "item_id":220
    },
    {
        "item_id":221
    },
    {
        "item_id":222
    },
    {
        "item_id":223
    },
    {
        "item_id":224
    },
    {
        "item_id":225
    },
    {
        "item_id":226
    },
    {
        "item_id":227
    },
    {
        "item_id":228
    },
    {
        "item_id":229
    }
]