[
    {
        "item_id":275
    },
    {
        "item_id":276
    },
    {
        "item_id":277
    },
    {
        "item_id":278
    },
    {
        "item_id":279
    },
    {
        "item_id":280
    },
    {
        "item_id":281
    },
    {
        "item_id":282
    },
    {
        "item_id":283
    },
    {
        "item_id":284
    },
    {
        "item_id":285
    },
    {
        "item_id":286
    },
    {
        "item_id":287
    },
    {
        "item_id":288
    },
    {
        "item_id":289
    }
]