[
    {
        "item_id":230
    },
    {
        "item_id":231
    },
    {
        "item_id":232
    },
    {
        "item_id":233
    },
    {
        "item_id":234
    },
    {
        "item_id":235
    },
    {
        "item_id":236
    },
    {
        "item_id":237
    },
    {
        "item_id":238
    },
    {
        "item_id":239
    },
    {
        "item_id":240
    },
    {
        "item_id":241
    },
    {
        "item_id":242
    },
    {
        "item_id":243
    },
    {
        "item_id":244
    }
]