[
    {
        "item_id":335
    },
    {
        "item_id":336
    },
    {
        "item_id":337
    },
    {
        "item_id":338
    },
    {
        "item_id":339
    },
    {
        "item_id":340
    },
    {
        "item_id":341
    },
    {
        "item_id":342
    },
    {
        "item_id":343
    },
    {
        "item_id":344
    },
    {
        "item_id":345
    },
    {
        "item_id":346
    },
    {
        "item_id":347
    },
    {
        "item_id":348
    },
    {
        "item_id":349
    }
]