[
    {
        "item_id":290
    },
    {
        "item_id":291
    },
    {
        "item_id":292
    },
    {
        "item_id":293
    },
    {
        "item_id":294
    },
    {
        "item_id":295
    },
    {
        "item_id":296
    },
    {
        "item_id":297
    },
    {
        "item_id":298
    },
    {
        "item_id":299
    },
    {
        "item_id":300
    },
    {
        "item_id":301
    },
    {
        "item_id":302
    },
    {
        "item_id":303
    },
    {
        "item_id":304
    }
]