[
    {
        "item_id":320
    },
    {
        "item_id":321
    },
    {
        "item_id":322
    },
    {
        "item_id":323
    },
    {
        "item_id":324
    },
    {
        "item_id":325
    },
    {
        "item_id":326
    },
    {
        "item_id":327
    },
    {
        "item_id":328
    },
    {
        "item_id":329
    },
    {
        "item_id":330
    },
    {
        "item_id":331
    },
    {
        "item_id":332
    },
    {
        "item_id":333
    },
    {
        "item_id":334
    }
]