[
    {
        "item_id":380
    },
    {
        "item_id":381
    },
    {
        "item_id":382
    },
    {
        "item_id":383
    },
    {
        "item_id":384
    },
    {
        "item_id":385
    },
    {
        "item_id":386
    },
    {
        "item_id":387
    },
    {
        "item_id":388
    },
    {
        "item_id":389
    },
    {
        "item_id":390
    },
    {
        "item_id":391
    },
    {
        "item_id":392
    },
    {
        "item_id":393
    },
    {
        "item_id":394
    }
]