[
    {
        "item_id":350
    },
    {
        "item_id":351
    },
    {
        "item_id":352
    },
    {
        "item_id":353
    },
    {
        "item_id":354
    },
    {
        "item_id":355
    },
    {
        "item_id":356
    },
    {
        "item_id":357
    },
    {
        "item_id":358
    },
    {
        "item_id":359
    },
    {
        "item_id":360
    },
    {
        "item_id":361
    },
    {
        "item_id":362
    },
    {
        "item_id":363
    },
    {
        "item_id":364
    }
]