[
    {
        "item_id":410
    },
    {
        "item_id":411
    },
    {
        "item_id":412
    },
    {
        "item_id":413
    },
    {
        "item_id":414
    },
    {
        "item_id":415
    },
    {
        "item_id":416
    },
    {
        "item_id":417
    },
    {
        "item_id":418
    },
    {
        "item_id":419
    },
    {
        "item_id":420
    },
    {
        "item_id":421
    },
    {
        "item_id":422
    },
    {
        "item_id":423
    },
    {
        "item_id":424
    }
]