[
    {
        "item_id":470
    },
    {
        "item_id":471
    },
    {
        "item_id":472
    },
    {
        "item_id":473
    },
    {
        "item_id":474
    },
    {
        "item_id":475
    },
    {
        "item_id":476
    },
    {
        "item_id":477
    },
    {
        "item_id":478
    },
    {
        "item_id":479
    },
    {
        "item_id":480
    },
    {
        "item_id":481
    },
    {
        "item_id":482
    },
    {
        "item_id":483
    },
    {
        "item_id":484
    }
]