[
    {
        "item_id":425
    },
    {
        "item_id":426
    },
    {
        "item_id":427
    },
    {
        "item_id":428
    },
    {
        "item_id":429
    },
    {
        "item_id":430
    },
    {
        "item_id":431
    },
    {
        "item_id":432
    },
    {
        "item_id":433
    },
    {
        "item_id":434
    },
    {
        "item_id":435
    },
    {
        "item_id":436
    },
    {
        "item_id":437
    },
    {
        "item_id":438
    },
    {
        "item_id":439
    }
]