[
    {
        "item_id":455
    },
    {
        "item_id":456
    },
    {
        "item_id":457
    },
    {
        "item_id":458
    },
    {
        "item_id":459
    },
    {
        "item_id":460
    },
    {
        "item_id":461
    },
    {
        "item_id":462
    },
    {
        "item_id":463
    },
    {
        "item_id":464
    },
    {
        "item_id":465
    },
    {
        "item_id":466
    },
    {
        "item_id":467
    },
    {
        "item_id":468
    },
    {
        "item_id":469
    }
]