[
    {
        "item_id":485
    },
    {
        "item_id":486
    },
    {
        "item_id":487
    },
    {
        "item_id":488
    },
    {
        "item_id":489
    },
    {
        "item_id":490
    },
    {
        "item_id":491
    },
    {
        "item_id":492
    },
    {
        "item_id":493
    },
    {
        "item_id":494
    },
    {
        "item_id":495
    },
    {
        "item_id":496
    },
    {
        "item_id":497
    },
    {
        "item_id":498
    },
    {
        "item_id":499
    }
]