[
    {
        "item_id":500
    },
    {
        "item_id":501
    },
    {
        "item_id":502
    },
    {
        "item_id":503
    },
    {
        "item_id":504
    },
    {
        "item_id":505
    },
    {
        "item_id":506
    },
    {
        "item_id":507
    },
    {
        "item_id":508
    },
    {
        "item_id":509
    },
    {
        "item_id":510
    },
    {
        "item_id":511
    },
    {
        "item_id":512
    },
    {
        "item_id":1
    },
    {
        "item_id":2
    }
]