[
    {
        "item_id":63
    },
    {
        "item_id":64
    },
    {
        "item_id":65
    },
    {
        "item_id":66
    },
    {
        "item_id":67
    },
    {
        "item_id":68
    },
    {
        "item_id":69
    },
    {
        "item_id":70
    },
    {
        "item_id":71
    },
    {
        "item_id":72
    },
    {
        "item_id":73
    },
    {
        "item_id":74
    },
    {
        "item_id":75
    },
    {
        "item_id":76
    },
    {
        "item_id":77
    }
]