[
    {
        "item_id":33
    },
    {
        "item_id":34
    },
    {
        "item_id":35
    },
    {
        "item_id":36
    },
    {
        "item_id":37
    },
    {
        "item_id":38
    },
    {
        "item_id":39
    },
    {
        "item_id":40
    },
    {
        "item_id":41
    },
    {
        "item_id":42
    },
    {
        "item_id":43
    },
    {
        "item_id":44
    },
    {
        "item_id":45
    },
    {
        "item_id":46
    },
    {
        "item_id":47
    }
]