[
    {
        "item_id":108
    },
    {
        "item_id":109
    },
    {
        "item_id":110
    },
    {
        "item_id":111
    },
    {
        "item_id":112
    },
    {
        "item_id":113
    },
    {
        "item_id":114
    },
    {
        "item_id":115
    },
    {
        "item_id":116
    },
    {
        "item_id":117
    },
    {
        "item_id":118
    },
    {
        "item_id":119
    },
    {
        "item_id":120
    },
    {
        "item_id":121
    },
    {
        "item_id":122
    }
]