[
    {
        "item_id":123
    },
    {
        "item_id":124
    },
    {
        "item_id":125
    },
    {
        "item_id":126
    },
    {
        "item_id":127
    },
    {
        "item_id":128
    },
    {
        "item_id":129
    },
    {
        "item_id":130
    },
    {
        "item_id":131
    },
    {
        "item_id":132
    },
    {
        "item_id":133
    },
    {
        "item_id":134
    },
    {
        "item_id":135
    },
    {
        "item_id":136
    },
    {
        "item_id":137
    }
]