[
    {
        "item_id":153
    },
    {
        "item_id":154
    },
    {
        "item_id":155
    },
    {
        "item_id":156
    },
    {
        "item_id":157
    },
    {
        "item_id":158
    },
    {
        "item_id":159
    },
    {
        "item_id":160
    },
    {
        "item_id":161
    },
    {
        "item_id":162
    },
    {
        "item_id":163
    },
    {
        "item_id":164
    },
    {
        "item_id":165
    },
    {
        "item_id":166
    },
    {
        "item_id":167
    }
]