[
    {
        "item_id":243
    },
    {
        "item_id":244
    },
    {
        "item_id":245
    },
    {
        "item_id":246
    },
    {
        "item_id":247
    },
    {
        "item_id":248
    },
    {
        "item_id":249
    },
    {
        "item_id":250
    },
    {
        "item_id":251
    },
    {
        "item_id":252
    },
    {
        "item_id":253
    },
    {
        "item_id":254
    },
    {
        "item_id":255
    },
    {
        "item_id":256
    },
    {
        "item_id":257
    }
]