[
    {
        "item_id":20
    },
    {
        "item_id":21
    },
    {
        "item_id":22
    },
    {
        "item_id":23
    },
    {
        "item_id":24
    },
    {
        "item_id":25
    },
    {
        "item_id":26
    },
    {
        "item_id":27
    },
    {
        "item_id":28
    },
    {
        "item_id":29
    },
    {
        "item_id":30
    },
    {
        "item_id":31
    },
    {
        "item_id":32
    },
    {
        "item_id":33
    },
    {
        "item_id":34
    }
]