[
    {
        "item_id":46
    },
    {
        "item_id":47
    },
    {
        "item_id":48
    },
    {
        "item_id":49
    },
    {
        "item_id":50
    },
    {
        "item_id":51
    },
    {
        "item_id":52
    },
    {
        "item_id":53
    },
    {
        "item_id":54
    },
    {
        "item_id":55
    },
    {
        "item_id":56
    },
    {
        "item_id":57
    },
    {
        "item_id":58
    },
    {
        "item_id":59
    },
    {
        "item_id":60
    }
]