[
    {
        "item_id":76
    },
    {
        "item_id":77
    },
    {
        "item_id":78
    },
    {
        "item_id":79
    },
    {
        "item_id":80
    },
    {
        "item_id":81
    },
    {
        "item_id":82
    },
    {
        "item_id":83
    },
    {
        "item_id":84
    },
    {
        "item_id":85
    },
    {
        "item_id":86
    },
    {
        "item_id":87
    },
    {
        "item_id":88
    },
    {
        "item_id":89
    },
    {
        "item_id":90
    }
]