[
    {
        "item_id":181
    },
    {
        "item_id":182
    },
    {
        "item_id":183
    },
    {
        "item_id":184
    },
    {
        "item_id":185
    },
    {
        "item_id":186
    },
    {
        "item_id":187
    },
    {
        "item_id":188
    },
    {
        "item_id":189
    },
    {
        "item_id":190
    },
    {
        "item_id":191
    },
    {
        "item_id":192
    },
    {
        "item_id":193
    },
    {
        "item_id":194
    },
    {
        "item_id":195
    }
]