[
    {
        "item_id":166
    },
    {
        "item_id":167
    },
    {
        "item_id":168
    },
    {
        "item_id":169
    },
    {
        "item_id":170
    },
    {
        "item_id":171
    },
    {
        "item_id":172
    },
    {
        "item_id":173
    },
    {
        "item_id":174
    },
    {
        "item_id":175
    },
    {
        "item_id":176
    },
    {
        "item_id":177
    },
    {
        "item_id":178
    },
    {
        "item_id":179
    },
    {
        "item_id":180
    }
]