[
    {
        "item_id":196
    },
    {
        "item_id":197
    },
    {
        "item_id":198
    },
    {
        "item_id":199
    },
    {
        "item_id":200
    },
    {
        "item_id":201
    },
    {
        "item_id":202
    },
    {
        "item_id":203
    },
    {
        "item_id":204
    },
    {
        "item_id":205
    },
    {
        "item_id":206
    },
    {
        "item_id":207
    },
    {
        "item_id":208
    },
    {
        "item_id":209
    },
    {
        "item_id":210
    }
]