[
    {
        "item_id":256
    },
    {
        "item_id":257
    },
    {
        "item_id":258
    },
    {
        "item_id":259
    },
    {
        "item_id":260
    },
    {
        "item_id":261
    },
    {
        "item_id":262
    },
    {
        "item_id":263
    },
    {
        "item_id":264
    },
    {
        "item_id":265
    },
    {
        "item_id":266
    },
    {
        "item_id":267
    },
    {
        "item_id":268
    },
    {
        "item_id":269
    },
    {
        "item_id":270
    }
]