[
    {
        "item_id":316
    },
    {
        "item_id":317
    },
    {
        "item_id":318
    },
    {
        "item_id":319
    },
    {
        "item_id":320
    },
    {
        "item_id":321
    },
    {
        "item_id":322
    },
    {
        "item_id":323
    },
    {
        "item_id":324
    },
    {
        "item_id":325
    },
    {
        "item_id":326
    },
    {
        "item_id":327
    },
    {
        "item_id":328
    },
    {
        "item_id":329
    },
    {
        "item_id":330
    }
]