[
    {
        "item_id":301
    },
    {
        "item_id":302
    },
    {
        "item_id":303
    },
    {
        "item_id":304
    },
    {
        "item_id":305
    },
    {
        "item_id":306
    },
    {
        "item_id":307
    },
    {
        "item_id":308
    },
    {
        "item_id":309
    },
    {
        "item_id":310
    },
    {
        "item_id":311
    },
    {
        "item_id":312
    },
    {
        "item_id":313
    },
    {
        "item_id":314
    },
    {
        "item_id":315
    }
]