[
    {
        "item_id":271
    },
    {
        "item_id":272
    },
    {
        "item_id":273
    },
    {
        "item_id":274
    },
    {
        "item_id":275
    },
    {
        "item_id":276
    },
    {
        "item_id":277
    },
    {
        "item_id":278
    },
    {
        "item_id":279
    },
    {
        "item_id":280
    },
    {
        "item_id":281
    },
    {
        "item_id":282
    },
    {
        "item_id":283
    },
    {
        "item_id":284
    },
    {
        "item_id":285
    }
]