[
    {
        "item_id":376
    },
    {
        "item_id":377
    },
    {
        "item_id":378
    },
    {
        "item_id":379
    },
    {
        "item_id":380
    },
    {
        "item_id":381
    },
    {
        "item_id":382
    },
    {
        "item_id":383
    },
    {
        "item_id":384
    },
    {
        "item_id":385
    },
    {
        "item_id":386
    },
    {
        "item_id":387
    },
    {
        "item_id":388
    },
    {
        "item_id":389
    },
    {
        "item_id":390
    }
]