[
    {
        "item_id":361
    },
    {
        "item_id":362
    },
    {
        "item_id":363
    },
    {
        "item_id":364
    },
    {
        "item_id":365
    },
    {
        "item_id":366
    },
    {
        "item_id":367
    },
    {
        "item_id":368
    },
    {
        "item_id":369
    },
    {
        "item_id":370
    },
    {
        "item_id":371
    },
    {
        "item_id":372
    },
    {
        "item_id":373
    },
    {
        "item_id":374
    },
    {
        "item_id":375
    }
]