[
    {
        "item_id":331
    },
    {
        "item_id":332
    },
    {
        "item_id":333
    },
    {
        "item_id":334
    },
    {
        "item_id":335
    },
    {
        "item_id":336
    },
    {
        "item_id":337
    },
    {
        "item_id":338
    },
    {
        "item_id":339
    },
    {
        "item_id":340
    },
    {
        "item_id":341
    },
    {
        "item_id":342
    },
    {
        "item_id":343
    },
    {
        "item_id":344
    },
    {
        "item_id":345
    }
]