[
    {
        "item_id":391
    },
    {
        "item_id":392
    },
    {
        "item_id":393
    },
    {
        "item_id":394
    },
    {
        "item_id":395
    },
    {
        "item_id":396
    },
    {
        "item_id":397
    },
    {
        "item_id":398
    },
    {
        "item_id":399
    },
    {
        "item_id":400
    },
    {
        "item_id":401
    },
    {
        "item_id":402
    },
    {
        "item_id":403
    },
    {
        "item_id":404
    },
    {
        "item_id":405
    }
]