[
    {
        "item_id":436
    },
    {
        "item_id":437
    },
    {
        "item_id":438
    },
    {
        "item_id":439
    },
    {
        "item_id":440
    },
    {
        "item_id":441
    },
    {
        "item_id":442
    },
    {
        "item_id":443
    },
    {
        "item_id":444
    },
    {
        "item_id":445
    },
    {
        "item_id":446
    },
    {
        "item_id":447
    },
    {
        "item_id":448
    },
    {
        "item_id":449
    },
    {
        "item_id":450
    }
]