[
    {
        "item_id":466
    },
    {
        "item_id":467
    },
    {
        "item_id":468
    },
    {
        "item_id":469
    },
    {
        "item_id":470
    },
    {
        "item_id":471
    },
    {
        "item_id":472
    },
    {
        "item_id":473
    },
    {
        "item_id":474
    },
    {
        "item_id":475
    },
    {
        "item_id":476
    },
    {
        "item_id":477
    },
    {
        "item_id":478
    },
    {
        "item_id":479
    },
    {
        "item_id":480
    }
]