[
    {
        "item_id":496
    },
    {
        "item_id":497
    },
    {
        "item_id":498
    },
    {
        "item_id":499
    },
    {
        "item_id":500
    },
    {
        "item_id":501
    },
    {
        "item_id":502
    },
    {
        "item_id":503
    },
    {
        "item_id":504
    },
    {
        "item_id":505
    },
    {
        "item_id":506
    },
    {
        "item_id":507
    },
    {
        "item_id":508
    },
    {
        "item_id":509
    },
    {
        "item_id":510
    }
]