[
    {
        "item_id":59
    },
    {
        "item_id":60
    },
    {
        "item_id":61
    },
    {
        "item_id":62
    },
    {
        "item_id":63
    },
    {
        "item_id":64
    },
    {
        "item_id":65
    },
    {
        "item_id":66
    },
    {
        "item_id":67
    },
    {
        "item_id":68
    },
    {
        "item_id":69
    },
    {
        "item_id":70
    },
    {
        "item_id":71
    },
    {
        "item_id":72
    },
    {
        "item_id":73
    }
]