[
    {
        "item_id":511
    },
    {
        "item_id":512
    },
    {
        "item_id":1
    },
    {
        "item_id":2
    },
    {
        "item_id":3
    },
    {
        "item_id":4
    },
    {
        "item_id":5
    },
    {
        "item_id":6
    },
    {
        "item_id":7
    },
    {
        "item_id":8
    },
    {
        "item_id":9
    },
    {
        "item_id":10
    },
    {
        "item_id":11
    },
    {
        "item_id":12
    },
    {
        "item_id":13
    }
]