[
    {
        "item_id":29
    },
    {
        "item_id":30
    },
    {
        "item_id":31
    },
    {
        "item_id":32
    },
    {
        "item_id":33
    },
    {
        "item_id":34
    },
    {
        "item_id":35
    },
    {
        "item_id":36
    },
    {
        "item_id":37
    },
    {
        "item_id":38
    },
    {
        "item_id":39
    },
    {
        "item_id":40
    },
    {
        "item_id":41
    },
    {
        "item_id":42
    },
    {
        "item_id":43
    }
]