[
    {
        "item_id":89
    },
    {
        "item_id":90
    },
    {
        "item_id":91
    },
    {
        "item_id":92
    },
    {
        "item_id":93
    },
    {
        "item_id":94
    },
    {
        "item_id":95
    },
    {
        "item_id":96
    },
    {
        "item_id":97
    },
    {
        "item_id":98
    },
    {
        "item_id":99
    },
    {
        "item_id":100
    },
    {
        "item_id":101
    },
    {
        "item_id":102
    },
    {
        "item_id":103
    }
]