[
    {
        "item_id":104
    },
    {
        "item_id":105
    },
    {
        "item_id":106
    },
    {
        "item_id":107
    },
    {
        "item_id":108
    },
    {
        "item_id":109
    },
    {
        "item_id":110
    },
    {
        "item_id":111
    },
    {
        "item_id":112
    },
    {
        "item_id":113
    },
    {
        "item_id":114
    },
    {
        "item_id":115
    },
    {
        "item_id":116
    },
    {
        "item_id":117
    },
    {
        "item_id":118
    }
]