[
    {
        "item_id":149
    },
    {
        "item_id":150
    },
    {
        "item_id":151
    },
    {
        "item_id":152
    },
    {
        "item_id":153
    },
    {
        "item_id":154
    },
    {
        "item_id":155
    },
    {
        "item_id":156
    },
    {
        "item_id":157
    },
    {
        "item_id":158
    },
    {
        "item_id":159
    },
    {
        "item_id":160
    },
    {
        "item_id":161
    },
    {
        "item_id":162
    },
    {
        "item_id":163
    }
]