[
    {
        "item_id":119
    },
    {
        "item_id":120
    },
    {
        "item_id":121
    },
    {
        "item_id":122
    },
    {
        "item_id":123
    },
    {
        "item_id":124
    },
    {
        "item_id":125
    },
    {
        "item_id":126
    },
    {
        "item_id":127
    },
    {
        "item_id":128
    },
    {
        "item_id":129
    },
    {
        "item_id":130
    },
    {
        "item_id":131
    },
    {
        "item_id":132
    },
    {
        "item_id":133
    }
]