[
    {
        "item_id":209
    },
    {
        "item_id":210
    },
    {
        "item_id":211
    },
    {
        "item_id":212
    },
    {
        "item_id":213
    },
    {
        "item_id":214
    },
    {
        "item_id":215
    },
    {
        "item_id":216
    },
    {
        "item_id":217
    },
    {
        "item_id":218
    },
    {
        "item_id":219
    },
    {
        "item_id":220
    },
    {
        "item_id":221
    },
    {
        "item_id":222
    },
    {
        "item_id":223
    }
]