[
    {
        "item_id": 109
    },
    {
        "item_id": 440
    },
    {
        "item_id": 357
    },
    {
        "item_id": 4
    },
    {
        "item_id": 390
    },
    {
        "item_id": 220
    },
    {
        "item_id": 129
    },
    {
        "item_id": 124
    },
    {
        "item_id": 480
    },
    {
        "item_id": 331
    },
    {
        "item_id": 131
    },
    {
        "item_id": 127
    },
    {
        "item_id": 510
    },
    {
        "item_id": 275
    },
    {
        "item_id": 47
    }
]