[
    {
        "item_id": 161
    },
    {
        "item_id": 378
    },
    {
        "item_id": 497
    },
    {
        "item_id": 305
    },
    {
        "item_id": 29
    },
    {
        "item_id": 87
    },
    {
        "item_id": 33
    },
    {
        "item_id": 68
    },
    {
        "item_id": 142
    },
    {
        "item_id": 460
    },
    {
        "item_id": 191
    },
    {
        "item_id": 400
    },
    {
        "item_id": 477
    },
    {
        "item_id": 65
    },
    {
        "item_id": 162
    }
]