[
    {
        "item_id": 92
    },
    {
        "item_id": 418
    },
    {
        "item_id": 153
    },
    {
        "item_id": 150
    },
    {
        "item_id": 61
    },
    {
        "item_id": 319
    },
    {
        "item_id": 93
    },
    {
        "item_id": 205
    },
    {
        "item_id": 249
    },
    {
        "item_id": 203
    },
    {
        "item_id": 500
    },
    {
        "item_id": 122
    },
    {
        "item_id": 264
    },
    {
        "item_id": 181
    },
    {
        "item_id": 149
    }
]