[
    {
        "item_id":9
    },
    {
        "item_id":30
    },
    {
        "item_id":4
    },
    {
        "item_id":6
    }, 
    {
        "item_id":1
    },
    {
        "item_id":89
    },
    {
        "item_id":67
    },
    {
        "item_id":53
    }, 
    {
        "item_id":14
    },
    {
        "item_id":90
    },
    {
        "item_id":79
    },
    {
        "item_id":58
    },
    {
        "item_id":10
    },
    {
        "item_id":34
    },
    {
        "item_id":20
    }
]