[
    {
        "item_id":111
    },
    {
        "item_id":276
    },
    {
        "item_id":502
    },
    {
        "item_id":233
    }, 
    {
        "item_id":498
    },
    {
        "item_id":207
    },
    {
        "item_id":214
    },
    {
        "item_id":249
    }, 
    {
        "item_id":33
    },
    {
        "item_id":194
    },
    {
        "item_id":267
    },
    {
        "item_id":429
    },
    {
        "item_id":64
    },
    {
        "item_id":373
    },
    {
        "item_id":261
    }
]