[
    {
        "item_id": 476
    },
    {
        "item_id": 310
    },
    {
        "item_id": 85
    },
    {
        "item_id": 332
    },
    {
        "item_id": 504
    },
    {
        "item_id": 336
    },
    {
        "item_id": 42
    },
    {
        "item_id": 439
    },
    {
        "item_id": 273
    },
    {
        "item_id": 104
    },
    {
        "item_id": 301
    },
    {
        "item_id": 274
    },
    {
        "item_id": 66
    },
    {
        "item_id": 56
    },
    {
        "item_id": 112
    }
]