[
    {
        "item_id": 245
    },
    {
        "item_id": 214
    },
    {
        "item_id": 444
    },
    {
        "item_id": 505
    },
    {
        "item_id": 394
    },
    {
        "item_id": 275
    },
    {
        "item_id": 180
    },
    {
        "item_id": 267
    },
    {
        "item_id": 180
    },
    {
        "item_id": 455
    },
    {
        "item_id": 56
    },
    {
        "item_id": 153
    },
    {
        "item_id": 125
    },
    {
        "item_id": 4
    },
    {
        "item_id": 355
    }
]