[
    {
        "item_id": 88
    },
    {
        "item_id": 370
    },
    {
        "item_id": 14
    },
    {
        "item_id": 356
    },
    {
        "item_id": 243
    },
    {
        "item_id": 71
    },
    {
        "item_id": 271
    },
    {
        "item_id": 478
    },
    {
        "item_id": 86
    },
    {
        "item_id": 317
    },
    {
        "item_id": 177
    },
    {
        "item_id": 439
    },
    {
        "item_id": 392
    },
    {
        "item_id": 280
    },
    {
        "item_id": 92
    }
]