[
    {
        "item_id": 168
    },
    {
        "item_id": 409
    },
    {
        "item_id": 229
    },
    {
        "item_id": 328
    },
    {
        "item_id": 66
    },
    {
        "item_id": 326
    },
    {
        "item_id": 134
    },
    {
        "item_id": 76
    },
    {
        "item_id": 142
    },
    {
        "item_id": 272
    },
    {
        "item_id": 319
    },
    {
        "item_id": 409
    },
    {
        "item_id": 430
    },
    {
        "item_id": 325
    },
    {
        "item_id": 353
    }
]