[
    {
        "item_id": 353
    },
    {
        "item_id": 406
    },
    {
        "item_id": 393
    },
    {
        "item_id": 271
    },
    {
        "item_id": 246
    },
    {
        "item_id": 192
    },
    {
        "item_id": 322
    },
    {
        "item_id": 15
    },
    {
        "item_id": 115
    },
    {
        "item_id": 481
    },
    {
        "item_id": 499
    },
    {
        "item_id": 209
    },
    {
        "item_id": 348
    },
    {
        "item_id": 43
    },
    {
        "item_id": 337
    }
]