[
    {
        "item_id":87
    },
    {
        "item_id":198
    },
    {
        "item_id":260
    },
    {
        "item_id":416
    }, 
    {
        "item_id":281
    },
    {
        "item_id":410
    },
    {
        "item_id":290
    },
    {
        "item_id":134
    }, 
    {
        "item_id":89
    },
    {
        "item_id":30
    },
    {
        "item_id":1
    },
    {
        "item_id":3
    },
    {
        "item_id":8
    },
    {
        "item_id":2
    },
    {
        "item_id":6
    }
]