[
    {
        "item_id":64
    },
    {
        "item_id":18
    },
    {
        "item_id":26
    },
    {
        "item_id":41
    }, 
    {
        "item_id":28
    },
    {
        "item_id":43
    },
    {
        "item_id":29
    },
    {
        "item_id":13
    }, 
    {
        "item_id":7
    },
    {
        "item_id":72
    },
    {
        "item_id":67
    },
    {
        "item_id":4
    },
    {
        "item_id":8
    },
    {
        "item_id":53
    },
    {
        "item_id":69
    }
]