[
    {
        "item_id":188
    },
    {
        "item_id":236
    },
    {
        "item_id":342
    },
    {
        "item_id":204
    }, 
    {
        "item_id":319
    },
    {
        "item_id":333
    },
    {
        "item_id":214
    },
    {
        "item_id":249
    }, 
    {
        "item_id":33
    },
    {
        "item_id":194
    },
    {
        "item_id":267
    },
    {
        "item_id":429
    },
    {
        "item_id":64
    },
    {
        "item_id":373
    },
    {
        "item_id":261
    }
]