[
    {
        "item_id": 378
    },
    {
        "item_id": 307
    },
    {
        "item_id": 499
    },
    {
        "item_id": 119
    },
    {
        "item_id": 316
    },
    {
        "item_id": 224
    },
    {
        "item_id": 232
    },
    {
        "item_id": 315
    },
    {
        "item_id": 277
    },
    {
        "item_id": 255
    },
    {
        "item_id": 372
    },
    {
        "item_id": 458
    },
    {
        "item_id": 427
    },
    {
        "item_id": 440
    },
    {
        "item_id": 409
    }
]