[
    {
        "item_id": 167
    },
    {
        "item_id": 135
    },
    {
        "item_id": 493
    },
    {
        "item_id": 87
    },
    {
        "item_id": 82
    },
    {
        "item_id": 335
    },
    {
        "item_id": 94
    },
    {
        "item_id": 282
    },
    {
        "item_id": 205
    },
    {
        "item_id": 409
    },
    {
        "item_id": 269
    },
    {
        "item_id": 181
    },
    {
        "item_id": 317
    },
    {
        "item_id": 226
    },
    {
        "item_id": 151
    }
]