[
    {
        "item_id":341
    },
    {
        "item_id":469
    },
    {
        "item_id":403
    },
    {
        "item_id":102
    }, 
    {
        "item_id":333
    },
    {
        "item_id":398
    },
    {
        "item_id":263
    },
    {
        "item_id":406
    }, 
    {
        "item_id":502
    },
    {
        "item_id":378
    },
    {
        "item_id":175
    },
    {
        "item_id":19
    },
    {
        "item_id":150
    },
    {
        "item_id":106
    },
    {
        "item_id":349
    }
]