[
    {
        "item_id": 128
    },
    {
        "item_id": 497
    },
    {
        "item_id": 411
    },
    {
        "item_id": 420
    },
    {
        "item_id": 355
    },
    {
        "item_id": 391
    },
    {
        "item_id": 253
    },
    {
        "item_id": 267
    },
    {
        "item_id": 419
    },
    {
        "item_id": 163
    },
    {
        "item_id": 493
    },
    {
        "item_id": 30
    },
    {
        "item_id": 394
    },
    {
        "item_id": 476
    },
    {
        "item_id": 447
    }
]