[
    {
        "item_id": 71
    },
    {
        "item_id": 78
    },
    {
        "item_id": 142
    },
    {
        "item_id": 505
    },
    {
        "item_id": 226
    },
    {
        "item_id": 209
    },
    {
        "item_id": 512
    },
    {
        "item_id": 461
    },
    {
        "item_id": 129
    },
    {
        "item_id": 209
    },
    {
        "item_id": 13
    },
    {
        "item_id": 186
    },
    {
        "item_id": 431
    },
    {
        "item_id": 275
    },
    {
        "item_id": 21
    }
]