[
    {
        "item_id": 352
    },
    {
        "item_id": 279
    },
    {
        "item_id": 348
    },
    {
        "item_id": 309
    },
    {
        "item_id": 450
    },
    {
        "item_id": 70
    },
    {
        "item_id": 510
    },
    {
        "item_id": 56
    },
    {
        "item_id": 428
    },
    {
        "item_id": 259
    },
    {
        "item_id": 243
    },
    {
        "item_id": 419
    },
    {
        "item_id": 320
    },
    {
        "item_id": 191
    },
    {
        "item_id": 258
    }
]