[
    {
        "item_id": 206
    },
    {
        "item_id": 231
    },
    {
        "item_id": 10
    },
    {
        "item_id": 162
    },
    {
        "item_id": 192
    },
    {
        "item_id": 357
    },
    {
        "item_id": 14
    },
    {
        "item_id": 267
    },
    {
        "item_id": 356
    },
    {
        "item_id": 79
    },
    {
        "item_id": 61
    },
    {
        "item_id": 512
    },
    {
        "item_id": 48
    },
    {
        "item_id": 292
    },
    {
        "item_id": 254
    }
]