[
    {
        "item_id": 255
    },
    {
        "item_id": 493
    },
    {
        "item_id": 422
    },
    {
        "item_id": 397
    },
    {
        "item_id": 191
    },
    {
        "item_id": 112
    },
    {
        "item_id": 297
    },
    {
        "item_id": 111
    },
    {
        "item_id": 294
    },
    {
        "item_id": 360
    },
    {
        "item_id": 37
    },
    {
        "item_id": 38
    },
    {
        "item_id": 242
    },
    {
        "item_id": 29
    },
    {
        "item_id": 460
    }
]