[
    {
        "item_id": 214
    },
    {
        "item_id": 96
    },
    {
        "item_id": 259
    },
    {
        "item_id": 88
    },
    {
        "item_id": 259
    },
    {
        "item_id": 280
    },
    {
        "item_id": 206
    },
    {
        "item_id": 235
    },
    {
        "item_id": 24
    },
    {
        "item_id": 27
    },
    {
        "item_id": 1
    },
    {
        "item_id": 301
    },
    {
        "item_id": 172
    },
    {
        "item_id": 208
    },
    {
        "item_id": 492
    }
]