[
    {
        "item_id": 63
    },
    {
        "item_id": 450
    },
    {
        "item_id": 472
    },
    {
        "item_id": 346
    },
    {
        "item_id": 11
    },
    {
        "item_id": 95
    },
    {
        "item_id": 325
    },
    {
        "item_id": 329
    },
    {
        "item_id": 364
    },
    {
        "item_id": 416
    },
    {
        "item_id": 120
    },
    {
        "item_id": 346
    },
    {
        "item_id": 182
    },
    {
        "item_id": 231
    },
    {
        "item_id": 452
    }
]