[
    {
        "item_id": 129
    },
    {
        "item_id": 175
    },
    {
        "item_id": 5
    },
    {
        "item_id": 188
    },
    {
        "item_id": 428
    },
    {
        "item_id": 283
    },
    {
        "item_id": 364
    },
    {
        "item_id": 3
    },
    {
        "item_id": 286
    },
    {
        "item_id": 339
    },
    {
        "item_id": 168
    },
    {
        "item_id": 315
    },
    {
        "item_id": 229
    },
    {
        "item_id": 352
    },
    {
        "item_id": 437
    }
]