[
    {
        "item_id": 96
    },
    {
        "item_id": 119
    },
    {
        "item_id": 44
    },
    {
        "item_id": 368
    },
    {
        "item_id": 40
    },
    {
        "item_id": 447
    },
    {
        "item_id": 85
    },
    {
        "item_id": 334
    },
    {
        "item_id": 184
    },
    {
        "item_id": 130
    },
    {
        "item_id": 316
    },
    {
        "item_id": 51
    },
    {
        "item_id": 310
    },
    {
        "item_id": 448
    },
    {
        "item_id": 18
    }
]