[
    {
        "item_id": 222
    },
    {
        "item_id": 379
    },
    {
        "item_id": 466
    },
    {
        "item_id": 487
    },
    {
        "item_id": 181
    },
    {
        "item_id": 512
    },
    {
        "item_id": 196
    },
    {
        "item_id": 215
    },
    {
        "item_id": 94
    },
    {
        "item_id": 496
    },
    {
        "item_id": 177
    },
    {
        "item_id": 67
    },
    {
        "item_id": 111
    },
    {
        "item_id": 148
    },
    {
        "item_id": 399
    }
]