[
    {
        "item_id":40
    },
    {
        "item_id":31
    },
    {
        "item_id":5
    },
    {
        "item_id":6
    }, 
    {
        "item_id":2
    },
    {
        "item_id":90
    },
    {
        "item_id":68
    },
    {
        "item_id":54
    }, 
    {
        "item_id":15
    },
    {
        "item_id":91
    },
    {
        "item_id":80
    },
    {
        "item_id":59
    },
    {
        "item_id":11
    },
    {
        "item_id":35
    },
    {
        "item_id":26
    }
]