[
    {
        "item_id": 74
    },
    {
        "item_id": 115
    },
    {
        "item_id": 131
    },
    {
        "item_id": 360
    },
    {
        "item_id": 151
    },
    {
        "item_id": 114
    },
    {
        "item_id": 138
    },
    {
        "item_id": 436
    },
    {
        "item_id": 386
    },
    {
        "item_id": 76
    },
    {
        "item_id": 103
    },
    {
        "item_id": 25
    },
    {
        "item_id": 350
    },
    {
        "item_id": 9
    },
    {
        "item_id": 420
    }
]