[
    {
        "item_id": 397
    },
    {
        "item_id": 31
    },
    {
        "item_id": 487
    },
    {
        "item_id": 61
    },
    {
        "item_id": 66
    },
    {
        "item_id": 277
    },
    {
        "item_id": 473
    },
    {
        "item_id": 31
    },
    {
        "item_id": 438
    },
    {
        "item_id": 296
    },
    {
        "item_id": 98
    },
    {
        "item_id": 427
    },
    {
        "item_id": 479
    },
    {
        "item_id": 336
    },
    {
        "item_id": 337
    }
]