[
    {
        "item_id": 477
    },
    {
        "item_id": 183
    },
    {
        "item_id": 301
    },
    {
        "item_id": 20
    },
    {
        "item_id": 372
    },
    {
        "item_id": 283
    },
    {
        "item_id": 348
    },
    {
        "item_id": 438
    },
    {
        "item_id": 152
    },
    {
        "item_id": 491
    },
    {
        "item_id": 474
    },
    {
        "item_id": 115
    },
    {
        "item_id": 359
    },
    {
        "item_id": 352
    },
    {
        "item_id": 201
    }
]