[
    {
        "item_id": 98
    },
    {
        "item_id": 269
    },
    {
        "item_id": 102
    },
    {
        "item_id": 372
    },
    {
        "item_id": 427
    },
    {
        "item_id": 433
    },
    {
        "item_id": 221
    },
    {
        "item_id": 264
    },
    {
        "item_id": 487
    },
    {
        "item_id": 458
    },
    {
        "item_id": 404
    },
    {
        "item_id": 67
    },
    {
        "item_id": 294
    },
    {
        "item_id": 139
    },
    {
        "item_id": 126
    }
]