[
    {
        "item_id": 23
    },
    {
        "item_id": 71
    },
    {
        "item_id": 282
    },
    {
        "item_id": 479
    },
    {
        "item_id": 440
    },
    {
        "item_id": 244
    },
    {
        "item_id": 26
    },
    {
        "item_id": 82
    },
    {
        "item_id": 357
    },
    {
        "item_id": 231
    },
    {
        "item_id": 279
    },
    {
        "item_id": 302
    },
    {
        "item_id": 453
    },
    {
        "item_id": 26
    },
    {
        "item_id": 101
    }
]