[
    {
        "item_id": 508
    },
    {
        "item_id": 27
    },
    {
        "item_id": 261
    },
    {
        "item_id": 39
    },
    {
        "item_id": 255
    },
    {
        "item_id": 151
    },
    {
        "item_id": 286
    },
    {
        "item_id": 364
    },
    {
        "item_id": 171
    },
    {
        "item_id": 270
    },
    {
        "item_id": 401
    },
    {
        "item_id": 432
    },
    {
        "item_id": 75
    },
    {
        "item_id": 466
    },
    {
        "item_id": 390
    }
]