[
    {
        "item_id": 378
    },
    {
        "item_id": 478
    },
    {
        "item_id": 367
    },
    {
        "item_id": 465
    },
    {
        "item_id": 265
    },
    {
        "item_id": 503
    },
    {
        "item_id": 427
    },
    {
        "item_id": 367
    },
    {
        "item_id": 267
    },
    {
        "item_id": 103
    },
    {
        "item_id": 39
    },
    {
        "item_id": 234
    },
    {
        "item_id": 157
    },
    {
        "item_id": 402
    },
    {
        "item_id": 79
    }
]