[
    {
        "item_id": 109
    },
    {
        "item_id": 384
    },
    {
        "item_id": 32
    },
    {
        "item_id": 427
    },
    {
        "item_id": 1
    },
    {
        "item_id": 35
    },
    {
        "item_id": 260
    },
    {
        "item_id": 4
    },
    {
        "item_id": 101
    },
    {
        "item_id": 47
    },
    {
        "item_id": 500
    },
    {
        "item_id": 137
    },
    {
        "item_id": 156
    },
    {
        "item_id": 472
    },
    {
        "item_id": 211
    }
]