[
    {
        "item_id": 155
    },
    {
        "item_id": 431
    },
    {
        "item_id": 455
    },
    {
        "item_id": 145
    },
    {
        "item_id": 22
    },
    {
        "item_id": 485
    },
    {
        "item_id": 126
    },
    {
        "item_id": 282
    },
    {
        "item_id": 170
    },
    {
        "item_id": 197
    },
    {
        "item_id": 240
    },
    {
        "item_id": 467
    },
    {
        "item_id": 216
    },
    {
        "item_id": 249
    },
    {
        "item_id": 304
    }
]