[
    {
        "item_id":110
    },
    {
        "item_id":275
    },
    {
        "item_id":402
    },
    {
        "item_id":295
    }, 
    {
        "item_id":139
    },
    {
        "item_id":481
    },
    {
        "item_id":288
    },
    {
        "item_id":260
    }, 
    {
        "item_id":80
    },
    {
        "item_id":51
    },
    {
        "item_id":159
    },
    {
        "item_id":358
    },
    {
        "item_id":59
    },
    {
        "item_id":376
    },
    {
        "item_id":289
    }
]