[
    {
        "item_id": 104
    },
    {
        "item_id": 164
    },
    {
        "item_id": 511
    },
    {
        "item_id": 226
    },
    {
        "item_id": 495
    },
    {
        "item_id": 202
    },
    {
        "item_id": 45
    },
    {
        "item_id": 287
    },
    {
        "item_id": 104
    },
    {
        "item_id": 255
    },
    {
        "item_id": 429
    },
    {
        "item_id": 296
    },
    {
        "item_id": 236
    },
    {
        "item_id": 318
    },
    {
        "item_id": 321
    }
]