[
    {
        "item_id": 433
    },
    {
        "item_id": 275
    },
    {
        "item_id": 256
    },
    {
        "item_id": 334
    },
    {
        "item_id": 276
    },
    {
        "item_id": 238
    },
    {
        "item_id": 82
    },
    {
        "item_id": 29
    },
    {
        "item_id": 27
    },
    {
        "item_id": 322
    },
    {
        "item_id": 250
    },
    {
        "item_id": 173
    },
    {
        "item_id": 11
    },
    {
        "item_id": 351
    },
    {
        "item_id": 361
    }
]