[
    {
        "item_id": 320
    },
    {
        "item_id": 194
    },
    {
        "item_id": 296
    },
    {
        "item_id": 437
    },
    {
        "item_id": 247
    },
    {
        "item_id": 131
    },
    {
        "item_id": 196
    },
    {
        "item_id": 186
    },
    {
        "item_id": 331
    },
    {
        "item_id": 34
    },
    {
        "item_id": 255
    },
    {
        "item_id": 82
    },
    {
        "item_id": 203
    },
    {
        "item_id": 506
    },
    {
        "item_id": 450
    }
]