[
    {
        "item_id": 41
    },
    {
        "item_id": 297
    },
    {
        "item_id": 101
    },
    {
        "item_id": 451
    },
    {
        "item_id": 206
    },
    {
        "item_id": 339
    },
    {
        "item_id": 460
    },
    {
        "item_id": 250
    },
    {
        "item_id": 110
    },
    {
        "item_id": 460
    },
    {
        "item_id": 492
    },
    {
        "item_id": 160
    },
    {
        "item_id": 207
    },
    {
        "item_id": 165
    },
    {
        "item_id": 16
    }
]