[
    {
        "item_id": 218
    },
    {
        "item_id": 60
    },
    {
        "item_id": 131
    },
    {
        "item_id": 311
    },
    {
        "item_id": 91
    },
    {
        "item_id": 144
    },
    {
        "item_id": 275
    },
    {
        "item_id": 440
    },
    {
        "item_id": 436
    },
    {
        "item_id": 467
    },
    {
        "item_id": 178
    },
    {
        "item_id": 301
    },
    {
        "item_id": 203
    },
    {
        "item_id": 390
    },
    {
        "item_id": 203
    }
]