[
    {
        "item_id": 325
    },
    {
        "item_id": 389
    },
    {
        "item_id": 174
    },
    {
        "item_id": 469
    },
    {
        "item_id": 154
    },
    {
        "item_id": 476
    },
    {
        "item_id": 98
    },
    {
        "item_id": 479
    },
    {
        "item_id": 157
    },
    {
        "item_id": 90
    },
    {
        "item_id": 74
    },
    {
        "item_id": 93
    },
    {
        "item_id": 376
    },
    {
        "item_id": 12
    },
    {
        "item_id": 184
    }
]