[
    {
        "item_id": 148
    },
    {
        "item_id": 363
    },
    {
        "item_id": 402
    },
    {
        "item_id": 117
    },
    {
        "item_id": 446
    },
    {
        "item_id": 363
    },
    {
        "item_id": 5
    },
    {
        "item_id": 354
    },
    {
        "item_id": 318
    },
    {
        "item_id": 175
    },
    {
        "item_id": 429
    },
    {
        "item_id": 387
    },
    {
        "item_id": 294
    },
    {
        "item_id": 87
    },
    {
        "item_id": 181
    }
]