[
    {
        "item_id": 285
    },
    {
        "item_id": 432
    },
    {
        "item_id": 268
    },
    {
        "item_id": 15
    },
    {
        "item_id": 509
    },
    {
        "item_id": 494
    },
    {
        "item_id": 320
    },
    {
        "item_id": 4
    },
    {
        "item_id": 219
    },
    {
        "item_id": 26
    },
    {
        "item_id": 152
    },
    {
        "item_id": 152
    },
    {
        "item_id": 324
    },
    {
        "item_id": 261
    },
    {
        "item_id": 261
    }
]