[
    {
        "item_id":342
    },
    {
        "item_id":468
    },
    {
        "item_id":400
    },
    {
        "item_id":109
    }, 
    {
        "item_id":347
    },
    {
        "item_id":399
    },
    {
        "item_id":267
    },
    {
        "item_id":410
    }, 
    {
        "item_id":500
    },
    {
        "item_id":1
    },
    {
        "item_id":176
    },
    {
        "item_id":183
    },
    {
        "item_id":187
    },
    {
        "item_id":203
    },
    {
        "item_id":482
    }
]