[
    {
        "item_id": 61
    },
    {
        "item_id": 208
    },
    {
        "item_id": 406
    },
    {
        "item_id": 223
    },
    {
        "item_id": 361
    },
    {
        "item_id": 76
    },
    {
        "item_id": 243
    },
    {
        "item_id": 405
    },
    {
        "item_id": 264
    },
    {
        "item_id": 212
    },
    {
        "item_id": 131
    },
    {
        "item_id": 448
    },
    {
        "item_id": 274
    },
    {
        "item_id": 499
    },
    {
        "item_id": 81
    }
]