[
    {
        "item_id":185
    },
    {
        "item_id":234
    },
    {
        "item_id":345
    },
    {
        "item_id":389
    }, 
    {
        "item_id":308
    },
    {
        "item_id":196
    },
    {
        "item_id":213
    },
    {
        "item_id":245
    }, 
    {
        "item_id":36
    },
    {
        "item_id":100
    },
    {
        "item_id":257
    },
    {
        "item_id":429
    },
    {
        "item_id":62
    },
    {
        "item_id":370
    },
    {
        "item_id":268
    }
]