[
    {
        "item_id": 123
    },
    {
        "item_id": 31
    },
    {
        "item_id": 144
    },
    {
        "item_id": 434
    },
    {
        "item_id": 370
    },
    {
        "item_id": 436
    },
    {
        "item_id": 245
    },
    {
        "item_id": 248
    },
    {
        "item_id": 112
    },
    {
        "item_id": 78
    },
    {
        "item_id": 314
    },
    {
        "item_id": 446
    },
    {
        "item_id": 143
    },
    {
        "item_id": 123
    },
    {
        "item_id": 51
    }
]