[
    {
        "item_id": 28
    },
    {
        "item_id": 273
    },
    {
        "item_id": 419
    },
    {
        "item_id": 496
    },
    {
        "item_id": 229
    },
    {
        "item_id": 36
    },
    {
        "item_id": 342
    },
    {
        "item_id": 160
    },
    {
        "item_id": 282
    },
    {
        "item_id": 488
    },
    {
        "item_id": 287
    },
    {
        "item_id": 268
    },
    {
        "item_id": 78
    },
    {
        "item_id": 59
    },
    {
        "item_id": 455
    }
]