[
    {
        "item_id":70,
        "rating":5,
        "review":"banyak koleksi,dan nyaman",
        "userLat":-61812900,
        "userLon":1068270000
    },
    {
        "item_id":71,
        "rating":4,
        "review":"tempatnya adem, asri",
        "userLat":-63800000,
        "userLon":1068950000
    },
    {
        "item_id":72,
        "rating":3,
        "review":"kebersihannya kurang",
        "userLat":-61136600,
        "userLon":1067480000
    },
    {
        "item_id":73,
        "rating":4,
        "review":"bagus banyak belajar banyak sejarah perangko",
        "userLat":-63041800,
        "userLon":1069020000
    },
    {
        "item_id":74,
        "rating":4,
        "review":" dingin banget tempatnya",
        "userLat":-6267510,
        "userLon":106824000
    },
    {
        "item_id":75,
        "rating":5,
        "review":"keren banget, banyak wahananya",
        "userLat":-62992700,
        "userLon":10689200
    },
    {
        "item_id":76,
        "rating":5,
        "review":"asri sekali tempatnya",
        "userLat":-61810800,
        "userLon":1067950000
    },
    {
        "item_id":77,
        "rating":4,
        "review":"rame banget",
        "userLat":-62371400,
        "userLon":1068530000
    },
    {
        "item_id":78,
        "rating":5,
        "review":"taman yang asri",
        "userLat":-62106900,
        "userLon":1067640000
    },
    {
        "item_id":79,
        "rating":5,
        "review":"bisa belajar banyak disini",
        "userLat":-63226100,
        "userLon":1068240000
    },
    {
        "item_id":80,
        "rating":5,
        "review":"banyak tempat menarik untuk dikunjungi",
        "userLat":-61939300,
        "userLon":1068220000
    },
    {
        "item_id":81,
        "rating":5,
        "review":"bagus banget",
        "userLat":-61946100,
        "userLon":106818000
    },
    {
        "item_id":82,
        "rating":4,
        "review":"wajib kesini",
        "userLat":-62317000,
        "userLon":1068190000
    },
    {
        "item_id":83,
        "rating":5,
        "review":"worth it",
        "userLat":-61175300,
        "userLon":106857000
    },
    {
        "item_id":84,
        "rating":5,
        "review":"bagus banget",
        "userLat":-61842600,
        "userLon":106824000
    },
    {
        "item_id":85,
        "rating":5,
        "review":"jos banget",
        "userLat":-78006700,
        "userLon":1103680000
    },
    {
        "item_id":86,
        "rating":5,
        "review":"tempat yang menarik untuk dikunjungi",
        "userLat":-78052800,
        "userLon":1103640000
    },
    {
        "item_id":87,
        "rating":4,
        "review":"bagus banget",
        "userLat":-77673000,
        "userLon":1103540000
    },
    {
        "item_id":88,
        "rating":5,
        "review":"rame banget",
        "userLat":-78002000,
        "userLon":1103660000
    },
    {
        "item_id":89,
        "rating":5,
        "review":"nyaman banget",
        "userLat":-78163200,
        "userLon":1103870000
    }
]   