[
    {
        "item_id": 130,
        "rating": 5,
        "review": "cocok untuk spot foto ala vintage",
        "userLat": -78057900,
        "userLon": 1102370000
    },
    {
        "item_id": 131,
        "rating": 4,
        "review": "tempatnya sangat bagus",
        "userLat": -79924400,
        "userLon": 110318000
    },
    {
        "item_id": 132,
        "rating": 5,
        "review": "bagus banget",
        "userLat": -77699900,
        "userLon": 1101210000
    },
    {
        "item_id": 133,
        "rating": 4,
        "review": "bagus",
        "userLat": -79413700,
        "userLon": 1104250000
    },
    {
        "item_id": 134,
        "rating": 4,
        "review": "asyik banget tempatnya",
        "userLat": -78055200,
        "userLon": 1102370000
    },
    {
        "item_id": 135,
        "rating": 5,
        "review": "keren banget",
        "userLat": -77916200,
        "userLon": 110362000
    },
    {
        "item_id": 136,
        "rating": 5,
        "review": "bagus banget tempatnya bisa buat refreshing bareng keluarga",
        "userLat": -76340200,
        "userLon": 11033800
    },
    {
        "item_id": 137,
        "rating": 4,
        "review": "rame banget",
        "userLat": -78057300,
        "userLon": 110128000
    },
    {
        "item_id": 138,
        "rating": 5,
        "review": "taman yang asri",
        "userLat": -77280400,
        "userLon": 1103590000
    },
    {
        "item_id": 139,
        "rating": 5,
        "review": "gunung yang indah",
        "userLat": -7841250,
        "userLon": 110543000
    },
    {
        "item_id": 140,
        "rating": 5,
        "review": "bendungan yang sangat besar",
        "userLat": -78316700,
        "userLon": 1103950000
    },
    {
        "item_id": 141,
        "rating": 5,
        "review": "bagus banget",
        "userLat": -75829200,
        "userLon": 1104480000
    },
    {
        "item_id": 142,
        "rating": 4,
        "review": "wajib kesini",
        "userLat": -76470900,
        "userLon": 1104280000
    },
    {
        "item_id": 143,
        "rating": 5,
        "review": "worth it",
        "userLat": -79311000,
        "userLon": 110431000
    },
    {
        "item_id": 144,
        "rating": 5,
        "review": "bagus banget",
        "userLat": -80281600,
        "userLon": 1106380000
    },
    {
        "item_id": 145,
        "rating": 5,
        "review": "bagus banget",
        "userLat": -78136100,
        "userLon": 1105030000
    },
    {
        "item_id": 146,
        "rating": 5,
        "review": "tempat yang menarik untuk dikunjungi",
        "userLat": -78001100,
        "userLon": 1101240000
    },
    {
        "item_id": 147,
        "rating": 4,
        "review": "bagus banget",
        "userLat": -77857200,
        "userLon": 1103750000
    },
    {
        "item_id": 148,
        "rating": 5,
        "review": "rame banget",
        "userLat": -79492600,
        "userLon": 1104930000
    },
    {
        "item_id": 149,
        "rating": 5,
        "review": "nyaman banget",
        "userLat": -79794400,
        "userLon": 1103800000
    }
]