[
    {
        "item_id": 150,
        "rating": 5,
        "review": "belajar sejarah kraton disini, tempatnya bagus megah",
        "userLat": -78067500,
        "userLon": 1103640000
    },
    {
        "item_id": 151,
        "rating": 4,
        "review": "tempatnya sangat bagus",
        "userLat": -76410300,
        "userLon": 1103620000
    },
    {
        "item_id": 152,
        "rating": 5,
        "review": "bagus banget",
        "userLat": -7997780,
        "userLon": 1102450000
    },
    {
        "item_id": 153,
        "rating": 4,
        "review": "bagus",
        "userLat": -81338800,
        "userLon": 1105550000
    },
    {
        "item_id": 154,
        "rating": 4,
        "review": "asyik banget tempatnya",
        "userLat": -81333400,
        "userLon": 1105540000
    },
    {
        "item_id": 155,
        "rating": 5,
        "review": "keren banget",
        "userLat": -81184800,
        "userLon": 1105030000
    },
    {
        "item_id": 156,
        "rating": 5,
        "review": "bagus banget tempatnya bisa buat refreshing bareng keluarga",
        "userLat": -81506600,
        "userLon": 1106130000
    },
    {
        "item_id": 157,
        "rating": 4,
        "review": "rame banget",
        "userLat": -81288200,
        "userLon": 1105490000
    },
    {
        "item_id": 158,
        "rating": 5,
        "review": "pantai yang bagus",
        "userLat": -81554500,
        "userLon": 1106220000
    },
    {
        "item_id": 159,
        "rating": 5,
        "review": "hutan pinus yang cocok untuk spot foto",
        "userLat": -79209200,
        "userLon": 1104360000
    },
    {
        "item_id": 160,
        "rating": 5,
        "review": "kuliner disini sangat beragam ",
        "userLat": -78363200,
        "userLon": 1104580000
    },
    {
        "item_id": 161,
        "rating": 5,
        "review": "bagus banget",
        "userLat": -80268600,
        "userLon": 1103460000
    },
    {
        "item_id": 162,
        "rating": 4,
        "review": "wajib kesini",
        "userLat": -78105500,
        "userLon": 1103700000
    },
    {
        "item_id": 163,
        "rating": 5,
        "review": "worth it",
        "userLat": -7947120,
        "userLon": 110441
    },
    {
        "item_id": 164,
        "rating": 5,
        "review": "bagus banget",
        "userLat": -7913610,
        "userLon": 110438000
    },
    {
        "item_id": 165,
        "rating": 5,
        "review": "bagus banget",
        "userLat": -7813090,
        "userLon": 110616000
    },
    {
        "item_id": 166,
        "rating": 5,
        "review": "tempat yang menarik untuk dikunjungi",
        "userLat": -7647050,
        "userLon": 1101410000
    },
    {
        "item_id": 167,
        "rating": 4,
        "review": "bagus banget",
        "userLat": -7974290,
        "userLon": 1104360000
    },
    {
        "item_id": 168,
        "rating": 5,
        "review": "rame banget",
        "userLat": -81759300,
        "userLon": 1106620000
    },
    {
        "item_id": 169,
        "rating": 5,
        "review": "nyaman banget",
        "userLat": -81026200,
        "userLon": 1104560000
    }
]