[
    {
        "item_id": 170,
        "rating": 5,
        "review": "candi yang sangat luas, indah sekali",
        "userLat": -76078700,
        "userLon": 1102040000
    },
    {
        "item_id": 171,
        "rating": 4,
        "review": "tempatnya sangat bagus",
        "userLat": -77838300,
        "userLon": 1105120000
    },
    {
        "item_id": 172,
        "rating": 5,
        "review": "bagus banget",
        "userLat": -81508400,
        "userLon": 1106130000
    },
    {
        "item_id": 173,
        "rating": 4,
        "review": "bagus",
        "userLat": -81827000,
        "userLon": 1106790000
    },
    {
        "item_id": 174,
        "rating": 4,
        "review": "asyik banget tempatnya",
        "userLat": -77987900,
        "userLon": 110367000
    },
    {
        "item_id": 175,
        "rating": 5,
        "review": "keren banget",
        "userLat": -75978700,
        "userLon": 1104230000
    },
    {
        "item_id": 176,
        "rating": 5,
        "review": "bagus, belajar banyak tentang sejarah gunung merapi",
        "userLat": -76159300,
        "userLon": 1104240000
    },
    {
        "item_id": 177,
        "rating": 4,
        "review": "rame banget",
        "userLat": -8024610,
        "userLon": 1103300000
    },
    {
        "item_id": 178,
        "rating": 5,
        "review": "taman yang asri",
        "userLat": -79339700,
        "userLon": 110652000
    },
    {
        "item_id": 179,
        "rating": 5,
        "review": "belajar banyak sejarah disini",
        "userLat": -77705400,
        "userLon": 1104890000
    },
    {
        "item_id": 180,
        "rating": 5,
        "review": "pantai yang banyak kuliner lautnya",
        "userLat": -80137100,
        "userLon": 1102910000
    },
    {
        "item_id": 181,
        "rating": 5,
        "review": "bagus banget",
        "userLat": -8147070,
        "userLon": 1106080000
    },
    {
        "item_id": 182,
        "rating": 4,
        "review": "wajib kesini",
        "userLat": -78933500,
        "userLon": 1100200000
    },
    {
        "item_id": 183,
        "rating": 5,
        "review": "worth it",
        "userLat": -77478500,
        "userLon": 1104190000
    },
    {
        "item_id": 184,
        "rating": 5,
        "review": "bagus banget",
        "userLat": -81366700,
        "userLon": 1105660000
    },
    {
        "item_id": 185,
        "rating": 5,
        "review": "bagus banget",
        "userLat": -8145020,
        "userLon": 1106000000
    },
    {
        "item_id": 186,
        "rating": 5,
        "review": "tempat yang menarik untuk dikunjungi",
        "userLat": -79119400,
        "userLon": 1100650000
    },
    {
        "item_id": 187,
        "rating": 4,
        "review": "bagus banget",
        "userLat": -81818200,
        "userLon": 1106830000
    },
    {
        "item_id": 188,
        "rating": 5,
        "review": "rame banget",
        "userLat": -8145670,
        "userLon": 1106040000
    },
    {
        "item_id": 189,
        "rating": 5,
        "review": "nyaman banget",
        "userLat": -81060100,
        "userLon": 1104620000
    }
]