[
    {
        "item_id": 190,
        "rating": 5,
        "review": "pantai yang indah untuk menikmati hari libur",
        "userLat": -80045500,
        "userLon": 1102700000
    },
    {
        "item_id": 191,
        "rating": 4,
        "review": "tempatnya sangat bagus",
        "userLat": -81384500,
        "userLon": 110578000
    },
    {
        "item_id": 192,
        "rating": 5,
        "review": "bagus banget",
        "userLat": -7943180,
        "userLon": 11048900
    },
    {
        "item_id": 193,
        "rating": 4,
        "review": "bagus",
        "userLat": -77439200,
        "userLon": 1104930000
    },
    {
        "item_id": 194,
        "rating": 4,
        "review": "asyik banget tempatnya",
        "userLat": -81862500,
        "userLon": 110710000
    },
    {
        "item_id": 195,
        "rating": 5,
        "review": "keren banget",
        "userLat": -8180140,
        "userLon": 1106760000
    },
    {
        "item_id": 196,
        "rating": 5,
        "review": "bagus banget tempatnya bisa buat refreshing bareng keluarga",
        "userLat": -81211500,
        "userLon": 1105140000
    },
    {
        "item_id": 197,
        "rating": 4,
        "review": "rame banget",
        "userLat": -8197820,
        "userLon": 1107120000
    },
    {
        "item_id": 198,
        "rating": 5,
        "review": "pantai yang bersih,fasilitas lengkap",
        "userLat": -81978600,
        "userLon": 1107190000
    },
    {
        "item_id": 199,
        "rating": 5,
        "review": "pantai yang unik,wajib kesini",
        "userLat": -81978900,
        "userLon": 1107210000
    },
    {
        "item_id": 200,
        "rating": 5,
        "review": "pantai yang bisa untuk camping juga, overall bagus",
        "userLat": -81370600,
        "userLon": 1105750000
    },
    {
        "item_id": 201,
        "rating": 5,
        "review": "bagus banget",
        "userLat": -80961500,
        "userLon": 1104350000
    },
    {
        "item_id": 202,
        "rating": 4,
        "review": "wajib kesini",
        "userLat": -8146420,
        "userLon": 1106060000
    },
    {
        "item_id": 203,
        "rating": 5,
        "review": "worth it",
        "userLat": -78159600,
        "userLon": 1104140000
    },
    {
        "item_id": 204,
        "rating": 5,
        "review": "bagus banget",
        "userLat": -76258800,
        "userLon": 110372000
    },
    {
        "item_id": 205,
        "rating": 5,
        "review": "bagus banget",
        "userLat": -78725700,
        "userLon": 1103550000
    },
    {
        "item_id": 206,
        "rating": 5,
        "review": "tempat yang menarik untuk dikunjungi",
        "userLat": -76120700,
        "userLon": 1104210000
    },
    {
        "item_id": 207,
        "rating": 4,
        "review": "bagus banget",
        "userLat": -78496100,
        "userLon": 110478000
    },
    {
        "item_id": 208,
        "rating": 5,
        "review": "rame banget",
        "userLat": -77628100,
        "userLon": 1101160000
    },
    {
        "item_id": 209,
        "rating": 5,
        "review": "nyaman banget",
        "userLat": -81367500,
        "userLon": 1105720000
    }
]