[
    {
        "item_id": 250,
        "rating": 5,
        "review": "nyaman sekali",
        "userLat": -70409200,
        "userLon": 1075270000
    },
    {
        "item_id": 251,
        "rating": 4,
        "review": "tempatnya sangat bagus",
        "userLat": -69021300,
        "userLon": 1076210000
    },
    {
        "item_id": 252,
        "rating": 5,
        "review": "bagus banget",
        "userLat": -6963160,
        "userLon": 10766200
    },
    {
        "item_id": 253,
        "rating": 4,
        "review": "bagus",
        "userLat": -68585400,
        "userLon": 1076370000
    },
    {
        "item_id": 254,
        "rating": 4,
        "review": "asyik banget tempatnya",
        "userLat": -68844200,
        "userLon": 1076070000
    },
    {
        "item_id": 255,
        "rating": 5,
        "review": "keren banget",
        "userLat": -68782400,
        "userLon": 1075880000
    },
    {
        "item_id": 256,
        "rating": 5,
        "review": "bagus banget tempatnya bisa buat refreshing bareng keluarga",
        "userLat": -68936100,
        "userLon": 1077450000
    },
    {
        "item_id": 257,
        "rating": 4,
        "review": "rame banget",
        "userLat": -69338500,
        "userLon": 107605000
    },
    {
        "item_id": 258,
        "rating": 5,
        "review": "bagus, museum yang menjadi ciri khas bandung",
        "userLat": -69026400,
        "userLon": 107619000
    },
    {
        "item_id": 259,
        "rating": 5,
        "review": "belajar banyak sejarah disini",
        "userLat": -68934300,
        "userLon": 1076190000
    },
    {
        "item_id": 260,
        "rating": 5,
        "review": "pemandangan yang sangat cantik ketika camping disini",
        "userLat": -6902010,
        "userLon": 1076200000
    },
    {
        "item_id": 261,
        "rating": 5,
        "review": "bagus banget",
        "userLat": -6786940,
        "userLon": 1075840000
    },
    {
        "item_id": 262,
        "rating": 4,
        "review": "wajib kesini",
        "userLat": -68597000,
        "userLon": 1076360000
    },
    {
        "item_id": 263,
        "rating": 5,
        "review": "worth it",
        "userLat": -68743600,
        "userLon": 1076840000
    },
    {
        "item_id": 264,
        "rating": 5,
        "review": "bagus banget",
        "userLat": -69148400,
        "userLon": 1076110000
    },
    {
        "item_id": 265,
        "rating": 5,
        "review": "bagus banget",
        "userLat": -69173400,
        "userLon": 1076110000
    },
    {
        "item_id": 266,
        "rating": 5,
        "review": "tempat yang menarik untuk dikunjungi",
        "userLat": -68580500,
        "userLon": 1076650000
    },
    {
        "item_id": 267,
        "rating": 4,
        "review": "bagus banget",
        "userLat": -69119800,
        "userLon": 107570000
    },
    {
        "item_id": 268,
        "rating": 5,
        "review": "rame banget",
        "userLat": -68423600,
        "userLon": 1076230000
    },
    {
        "item_id": 269,
        "rating": 5,
        "review": "nyaman banget",
        "userLat": -68932200,
        "userLon": 1077450000
    }
]