[
    {
        "item_id": 290,
        "rating": 5,
        "review": "banyak koleksi",
        "userLat": -68597500,
        "userLon": 1075940000
    },
    {
        "item_id": 291,
        "rating": 4,
        "review": "tempatnya sangat bagus",
        "userLat": -69805800,
        "userLon": 1075860000
    },
    {
        "item_id": 292,
        "rating": 5,
        "review": "bagus banget",
        "userLat": -68116000,
        "userLon": 1075700000
    },
    {
        "item_id": 293,
        "rating": 4,
        "review": "bagus",
        "userLat": -69132800,
        "userLon": 1076090000
    },
    {
        "item_id": 294,
        "rating": 4,
        "review": "asyik banget tempatnya",
        "userLat": -68986900,
        "userLon": 1076080000
    },
    {
        "item_id": 295,
        "rating": 5,
        "review": "keren banget",
        "userLat": -69406000,
        "userLon": 1076730000
    },
    {
        "item_id": 296,
        "rating": 5,
        "review": "bagus banget tempatnya bisa buat refreshing bareng keluarga",
        "userLat": -696323,
        "userLon": 107626000
    },
    {
        "item_id": 297,
        "rating": 4,
        "review": "rame banget",
        "userLat": -68629400,
        "userLon": 1076480000
    },
    {
        "item_id": 298,
        "rating": 5,
        "review": "gunung yang asri",
        "userLat": -69580600,
        "userLon": 1075210000
    },
    {
        "item_id": 299,
        "rating": 5,
        "review": "belajar banyak sejarah disini",
        "userLat": -67495300,
        "userLon": 107479000
    },
    {
        "item_id": 300,
        "rating": 5,
        "review": "danau yang sangat indah",
        "userLat": -68765100,
        "userLon": 1073420000
    },
    {
        "item_id": 301,
        "rating": 5,
        "review": "bagus banget",
        "userLat": -6842540,
        "userLon": 107623000
    },
    {
        "item_id": 302,
        "rating": 4,
        "review": "wajib kesini",
        "userLat": -69000700,
        "userLon": 10762600
    },
    {
        "item_id": 303,
        "rating": 5,
        "review": "worth it",
        "userLat": -6919420,
        "userLon": 1076080000
    },
    {
        "item_id": 304,
        "rating": 5,
        "review": "bagus banget",
        "userLat": -71923300,
        "userLon": 1075510000
    },
    {
        "item_id": 305,
        "rating": 5,
        "review": "bagus banget",
        "userLat": -7233690,
        "userLon": 1075340000
    },
    {
        "item_id": 306,
        "rating": 5,
        "review": "tempat yang menarik untuk dikunjungi",
        "userLat": -71965000,
        "userLon": 1075450000
    },
    {
        "item_id": 307,
        "rating": 4,
        "review": "bagus banget",
        "userLat": -72274500,
        "userLon": 1076050000
    },
    {
        "item_id": 308,
        "rating": 5,
        "review": "rame banget",
        "userLat": -67380900,
        "userLon": 1076570000
    },
    {
        "item_id": 309,
        "rating": 5,
        "review": "nyaman banget",
        "userLat": -68246300,
        "userLon": 1076170000
    }
]