[
    {
        "item_id": 310,
        "rating": 5,
        "review": "taman yang bagus",
        "userLat": -68038900,
        "userLon": 1075870000
    },
    {
        "item_id": 311,
        "rating": 4,
        "review": "tempatnya sangat bagus",
        "userLat": -68294100,
        "userLon": 1076870000
    },
    {
        "item_id": 312,
        "rating": 5,
        "review": "bagus banget",
        "userLat": -68585800,
        "userLon": 1076310000
    },
    {
        "item_id": 313,
        "rating": 4,
        "review": "bagus",
        "userLat": -68260200,
        "userLon": 1076380000
    },
    {
        "item_id": 314,
        "rating": 4,
        "review": "asyik banget tempatnya",
        "userLat": -68426400,
        "userLon": 1076230000
    },
    {
        "item_id": 315,
        "rating": 5,
        "review": "keren banget",
        "userLat": -68131800,
        "userLon": 1077140000
    },
    {
        "item_id": 316,
        "rating": 5,
        "review": "bagus banget tempatnya bisa buat refreshing bareng keluarga",
        "userLat": -70182400,
        "userLon": 1072070000
    },
    {
        "item_id": 317,
        "rating": 4,
        "review": "rame banget",
        "userLat": -67977400,
        "userLon": 1075780000
    },
    {
        "item_id": 318,
        "rating": 5,
        "review": "tempat yang bagus,dekat dengan kawah",
        "userLat": -71669600,
        "userLon": 1073580000
    },
    {
        "item_id": 319,
        "rating": 5,
        "review": "cocok untuk mengakhiri akhir pekan",
        "userLat": -71724100,
        "userLon": 1073770000
    },
    {
        "item_id": 320,
        "rating": 5,
        "review": "bisa berendam air panas, relaksasi",
        "userLat": -71471500,
        "userLon": 1073900000
    },
    {
        "item_id": 321,
        "rating": 5,
        "review": "bagus banget",
        "userLat": -71675900,
        "userLon": 1073530000
    },
    {
        "item_id": 322,
        "rating": 4,
        "review": "wajib kesini",
        "userLat": -71951100,
        "userLon": 1074310000
    },
    {
        "item_id": 323,
        "rating": 5,
        "review": "worth it",
        "userLat": -6601320,
        "userLon": 106633000
    },
    {
        "item_id": 324,
        "rating": 5,
        "review": "bagus banget",
        "userLat": -71147900,
        "userLon": 1074380000
    },
    {
        "item_id": 325,
        "rating": 5,
        "review": "bagus banget",
        "userLat": -68971400,
        "userLon": 1076560000
    },
    {
        "item_id": 326,
        "rating": 5,
        "review": "tempat yang menarik untuk dikunjungi",
        "userLat": -68590000,
        "userLon": 107569000
    },
    {
        "item_id": 327,
        "rating": 4,
        "review": "bagus banget",
        "userLat": -6817330,
        "userLon": 10761800
    },
    {
        "item_id": 328,
        "rating": 5,
        "review": "rame banget",
        "userLat": -68231800,
        "userLon": 1074370000
    },
    {
        "item_id": 329,
        "rating": 5,
        "review": "nyaman banget",
        "userLat": -69588800,
        "userLon": 1074710000
    }
]