[
    {
        "item_id": 370,
        "rating": 5,
        "review": "banyak koleksi",
        "userLat": -72706500,
        "userLon": 1104100000
    },
    {
        "item_id": 371,
        "rating": 4,
        "review": "tempatnya sangat bagus",
        "userLat": -72531100,
        "userLon": 1104260000
    },
    {
        "item_id": 372,
        "rating": 5,
        "review": "bagus banget",
        "userLat": -72552400,
        "userLon": 1103990000
    },
    {
        "item_id": 373,
        "rating": 4,
        "review": "bagus",
        "userLat": -72646000,
        "userLon": 1104050000
    },
    {
        "item_id": 374,
        "rating": 4,
        "review": "asyik banget tempatnya",
        "userLat": -7395610,
        "userLon": 1104520000
    },
    {
        "item_id": 375,
        "rating": 5,
        "review": "keren banget",
        "userLat": -69681400,
        "userLon": 1104280000
    },
    {
        "item_id": 376,
        "rating": 5,
        "review": "bagus banget tempatnya bisa buat refreshing bareng keluarga",
        "userLat": -69749900,
        "userLon": 110425000
    },
    {
        "item_id": 377,
        "rating": 4,
        "review": "rame banget",
        "userLat": -72156900,
        "userLon": 1103650000
    },
    {
        "item_id": 378,
        "rating": 5,
        "review": "taman yang asri",
        "userLat": -72678200,
        "userLon": 1104480000
    },
    {
        "item_id": 379,
        "rating": 5,
        "review": "belajar banyak sejarah disini",
        "userLat": -72721600,
        "userLon": 1104700000
    },
    {
        "item_id": 380,
        "rating": 5,
        "review": "saya menjadi banyak tahu tentang tekstil di museum ini",
        "userLat": -71350700,
        "userLon": 1104090000
    },
    {
        "item_id": 381,
        "rating": 5,
        "review": "bagus banget",
        "userLat": -69843500,
        "userLon": 1104090000
    },
    {
        "item_id": 382,
        "rating": 4,
        "review": "wajib kesini",
        "userLat": -72539000,
        "userLon": 1104410000
    },
    {
        "item_id": 383,
        "rating": 5,
        "review": "worth it",
        "userLat": -70388000,
        "userLon": 1104220000
    },
    {
        "item_id": 384,
        "rating": 5,
        "review": "bagus banget",
        "userLat": -70291000,
        "userLon": 1103780000
    },
    {
        "item_id": 385,
        "rating": 5,
        "review": "bagus banget",
        "userLat": -69688800,
        "userLon": 1104320000
    },
    {
        "item_id": 386,
        "rating": 4,
        "review": "bagus banget",
        "userLat": -71663000,
        "userLon": 110381000
    },
    {
        "item_id": 387,
        "rating": 5,
        "review": "rame banget",
        "userLat": -70372100,
        "userLon": 1103480000
    },
    {
        "item_id": 388,
        "rating": 5,
        "review": "nyaman banget",
        "userLat": -71298100,
        "userLon": 110389000
    },
    {
        "item_id": 389,
        "rating": 5,
        "review": "bagus banget",
        "userLat": -70565200,
        "userLon": 1104860000
    }
]