[
    {
        "item_id": 390,
        "rating": 5,
        "review": "adem banget tempatnya",
        "userLat": -70967100,
        "userLon": 1103900000
    },
    {
        "item_id": 391,
        "rating": 4,
        "review": "tempatnya sangat bagus",
        "userLat": -72241800,
        "userLon": 1103780000
    },
    {
        "item_id": 392,
        "rating": 5,
        "review": "bagus banget",
        "userLat": -73086500,
        "userLon": 1128220000
    },
    {
        "item_id": 393,
        "rating": 4,
        "review": "bagus",
        "userLat": -72952200,
        "userLon": 1128040000
    },
    {
        "item_id": 394,
        "rating": 4,
        "review": "asyik banget tempatnya",
        "userLat": -72356900,
        "userLon": 1127960000
    },
    {
        "item_id": 395,
        "rating": 5,
        "review": "keren banget",
        "userLat": -72614700,
        "userLon": 1127430000
    },
    {
        "item_id": 396,
        "rating": 5,
        "review": "tempat yang sangat menarik",
        "userLat": -72654300,
        "userLon": 1127500000
    },
    {
        "item_id": 397,
        "rating": 4,
        "review": "rame banget",
        "userLat": -73182200,
        "userLon": 1127840000
    },
    {
        "item_id": 398,
        "rating": 5,
        "review": "taman yang asri",
        "userLat": -72662100,
        "userLon": 112795000
    },
    {
        "item_id": 399,
        "rating": 5,
        "review": "taman yang indah",
        "userLat": -73275600,
        "userLon": 1127310000
    },
    {
        "item_id": 400,
        "rating": 5,
        "review": "berasa di luar negeri",
        "userLat": -72941900,
        "userLon": 1128020000
    },
    {
        "item_id": 401,
        "rating": 5,
        "review": "bagus banget",
        "userLat": -72732200,
        "userLon": 112744000
    },
    {
        "item_id": 402,
        "rating": 4,
        "review": "wajib kesini",
        "userLat": -7251020,
        "userLon": 1126620000
    },
    {
        "item_id": 403,
        "rating": 5,
        "review": "worth it",
        "userLat": -72220600,
        "userLon": 1127320000
    },
    {
        "item_id": 404,
        "rating": 5,
        "review": "bagus banget",
        "userLat": -72523000,
        "userLon": 1127970000
    },
    {
        "item_id": 405,
        "rating": 5,
        "review": "bagus banget",
        "userLat": -71968200,
        "userLon": 1127320000
    },
    {
        "item_id": 406,
        "rating": 4,
        "review": "bagus banget",
        "userLat": -73123700,
        "userLon": 1127890000
    },
    {
        "item_id": 407,
        "rating": 5,
        "review": "rame banget",
        "userLat": -72573100,
        "userLon": 1127440000
    },
    {
        "item_id": 408,
        "rating": 5,
        "review": "nyaman banget",
        "userLat": -72959500,
        "userLon": 1127370000
    },
    {
        "item_id": 409,
        "rating": 5,
        "review": "bagus banget",
        "userLat": -7278740,
        "userLon": 112718000
    }
]