[
    {
        "item_id": 330,
        "rating": 5,
        "review": "bus buat keliling bandung",
        "userLat": -69220800,
        "userLon": 1076070000
    },
    {
        "item_id": 331,
        "rating": 4,
        "review": "tempatnya sangat bagus",
        "userLat": -6819880,
        "userLon": 107619000
    },
    {
        "item_id": 332,
        "rating": 5,
        "review": "bagus banget",
        "userLat": -68179500,
        "userLon": 107619000
    },
    {
        "item_id": 333,
        "rating": 4,
        "review": "bagus",
        "userLat": -68186900,
        "userLon": 1076170000
    },
    {
        "item_id": 334,
        "rating": 4,
        "review": "asyik banget tempatnya",
        "userLat": -69012200,
        "userLon": 1076100000
    },
    {
        "item_id": 335,
        "rating": 5,
        "review": "keren banget",
        "userLat": -72098900,
        "userLon": 1103420000
    },
    {
        "item_id": 336,
        "rating": 5,
        "review": "bagus banget tempatnya bisa buat refreshing bareng keluarga",
        "userLat": -69605200,
        "userLon": 1103860000
    },
    {
        "item_id": 337,
        "rating": 4,
        "review": "rame banget",
        "userLat": -69888800,
        "userLon": 1104080000
    },
    {
        "item_id": 338,
        "rating": 5,
        "review": "ikonik nya semarang, wajib kesini",
        "userLat": -69839100,
        "userLon": 1104100000
    },
    {
        "item_id": 339,
        "rating": 5,
        "review": "belajar banyak sejarah disini",
        "userLat": -69962400,
        "userLon": 110398000
    },
    {
        "item_id": 340,
        "rating": 5,
        "review": "wisata alam yang sangat asri",
        "userLat": -70205200,
        "userLon": 1103750000
    },
    {
        "item_id": 341,
        "rating": 5,
        "review": "bagus banget",
        "userLat": -70296800,
        "userLon": 1104000000
    },
    {
        "item_id": 342,
        "rating": 4,
        "review": "wajib kesini",
        "userLat": -69909400,
        "userLon": 1104070000
    },
    {
        "item_id": 343,
        "rating": 5,
        "review": "worth it",
        "userLat": -69451100,
        "userLon": 1103980000
    },
    {
        "item_id": 344,
        "rating": 5,
        "review": "bagus banget",
        "userLat": -6948880,
        "userLon": 1103890000
    },
    {
        "item_id": 345,
        "rating": 5,
        "review": "bagus banget",
        "userLat": -69687700,
        "userLon": 1104320000
    },
    {
        "item_id": 346,
        "rating": 5,
        "review": "tempat yang menarik untuk dikunjungi",
        "userLat": -69923500,
        "userLon": 1104200000
    },
    {
        "item_id": 347,
        "rating": 4,
        "review": "bagus banget",
        "userLat": -69877900,
        "userLon": 1104170000
    },
    {
        "item_id": 348,
        "rating": 5,
        "review": "rame banget",
        "userLat": -69984800,
        "userLon": 1104110000
    },
    {
        "item_id": 349,
        "rating": 5,
        "review": "nyaman banget",
        "userLat": -69685600,
        "userLon": 1103460000
    }
]