[
    {
        "item_id": 470,
        "rating": 5,
        "review": "cagar alam yang menarik",
        "userLat": -8.519,
        "userLon": 115.261
    },
    {
        "item_id": 471,
        "rating": 4,
        "review": "tempatnya sangat bagus",
        "userLat": -8.67152,
        "userLon": 115.234
    },
    {
        "item_id": 472,
        "rating": 5,
        "review": "bagus banget",
        "userLat": -8.42196,
        "userLon": 115.359
    },
    {
        "item_id": 473,
        "rating": 4,
        "review": "bagus",
        "userLat": -8.72468,
        "userLon": 115.448
    },
    {
        "item_id": 474,
        "rating": 4,
        "review": "asyik banget tempatnya",
        "userLat": -8.77121,
        "userLon": 115.622
    },
    {
        "item_id": 475,
        "rating": 5,
        "review": "keren banget",
        "userLat": -8.51328,
        "userLon": 115.514
    },
    {
        "item_id": 476,
        "rating": 5,
        "review": "bagus banget tempatnya bisa buat refreshing bareng keluarga",
        "userLat": -8.66079,
        "userLon": 115.132
    },
    {
        "item_id": 477,
        "rating": 4,
        "review": "rame banget",
        "userLat": -8.71489,
        "userLon": 115.459
    },
    {
        "item_id": 478,
        "rating": 5,
        "review": "pantai yang cocok untuk melihat sunset",
        "userLat": -8.77432,
        "userLon": 115.62
    },
    {
        "item_id": 479,
        "rating": 5,
        "review": "pantai yang unik",
        "userLat": -8.69736,
        "userLon": 115.162
    },
    {
        "item_id": 480,
        "rating": 5,
        "review": "pantai yang indah",
        "userLat": -8.79885,
        "userLon": 115.118
    },
    {
        "item_id": 481,
        "rating": 5,
        "review": "bagus banget",
        "userLat": -8.74994,
        "userLon": 115.473
    },
    {
        "item_id": 482,
        "rating": 4,
        "review": "wajib kesini",
        "userLat": -8.71442,
        "userLon": 115.169
    },
    {
        "item_id": 483,
        "rating": 5,
        "review": "worth it",
        "userLat": -8.84742,
        "userLon": 115.163
    },
    {
        "item_id": 484,
        "rating": 5,
        "review": "bagus banget",
        "userLat": -8.79553,
        "userLon": 115.233
    },
    {
        "item_id": 485,
        "rating": 4,
        "review": "bagus banget",
        "userLat": -8.81096,
        "userLon": 115.104
    },
    {
        "item_id": 486,
        "rating": 5,
        "review": "rame banget",
        "userLat": -8.8443,
        "userLon": 115.187
    },
    {
        "item_id": 487,
        "rating": 5,
        "review": "nyaman banget",
        "userLat": -8.69579,
        "userLon": 115.452
    },
    {
        "item_id": 488,
        "rating": 5,
        "review": "bagus banget",
        "userLat": -8.49722,
        "userLon": 115.612
    },
    {
        "item_id": 489,
        "rating": 5,
        "review": "bagus banget",
        "userLat": -8.58166,
        "userLon": 115.276
    }
]
