[
    {
        "item_id": 450,
        "rating": 5,
        "review": "wisata yang menarik untuk dikunjungi",
        "userLat": -8.23985,
        "userLon": 115.108
    },
    {
        "item_id": 451,
        "rating": 4,
        "review": "tempatnya sangat bagus",
        "userLat": -8.50347,
        "userLon": 115.255
    },
    {
        "item_id": 452,
        "rating": 5,
        "review": "bagus banget",
        "userLat": -8.25568,
        "userLon": 115.408
    },
    {
        "item_id": 453,
        "rating": 4,
        "review": "bagus",
        "userLat": -8.27097,
        "userLon": 115.174
    },
    {
        "item_id": 454,
        "rating": 4,
        "review": "asyik banget tempatnya",
        "userLat": -8.25613,
        "userLon": 115.097
    },
    {
        "item_id": 455,
        "rating": 5,
        "review": "keren banget",
        "userLat": -8.64206,
        "userLon": 115.256
    },
    {
        "item_id": 456,
        "rating": 5,
        "review": "desa yang masih asri",
        "userLat": -8.60012,
        "userLon": 115.272
    },
    {
        "item_id": 457,
        "rating": 4,
        "review": "rame banget",
        "userLat": -8.4645,
        "userLon": 115.256
    },
    {
        "item_id": 458,
        "rating": 5,
        "review": "galeri seni yang banyak koleksinya",
        "userLat": -8.54303,
        "userLon": 115.262
    },
    {
        "item_id": 459,
        "rating": 5,
        "review": "bagus, wajib kesini kalau ke bali",
        "userLat": -8.81039,
        "userLon": 115.168
    },
    {
        "item_id": 460,
        "rating": 5,
        "review": "goa yang bagus",
        "userLat": -8.52249,
        "userLon": 115.288
    },
    {
        "item_id": 461,
        "rating": 5,
        "review": "bagus banget",
        "userLat": -8.34261,
        "userLon": 115.507
    },
    {
        "item_id": 462,
        "rating": 4,
        "review": "wajib kesini",
        "userLat": -8.23843,
        "userLon": 115.378
    },
    {
        "item_id": 463,
        "rating": 5,
        "review": "worth it",
        "userLat": -8.46286,
        "userLon": 115.631
    },
    {
        "item_id": 464,
        "rating": 5,
        "review": "bagus banget",
        "userLat": -8.50642,
        "userLon": 115.263
    },
    {
        "item_id": 465,
        "rating": 4,
        "review": "bagus banget",
        "userLat": -8.37007,
        "userLon": 115.131
    },
    {
        "item_id": 466,
        "rating": 5,
        "review": "rame banget",
        "userLat": -8.77617,
        "userLon": 115.166
    },
    {
        "item_id": 467,
        "rating": 5,
        "review": "nyaman banget",
        "userLat": -8.70702,
        "userLon": 115.181
    },
    {
        "item_id": 468,
        "rating": 5,
        "review": "bagus banget",
        "userLat": -8.27883,
        "userLon": 115.364
    },
    {
        "item_id": 469,
        "rating": 5,
        "review": "bagus banget",
        "userLat": -8.17214,
        "userLon": 114.992
    }
]