[
    {
        "item_id": 410,
        "rating": 5,
        "review": "waterpark yang besar",
        "userLat": -72861700,
        "userLon": 1126330000
    },
    {
        "item_id": 411,
        "rating": 4,
        "review": "tempatnya sangat bagus",
        "userLat": -72522800,
        "userLon": 1127470000
    },
    {
        "item_id": 412,
        "rating": 5,
        "review": "bagus banget",
        "userLat": -73366100,
        "userLon": 1127150000
    },
    {
        "item_id": 413,
        "rating": 4,
        "review": "bagus",
        "userLat": -7227180,
        "userLon": 112719000
    },
    {
        "item_id": 414,
        "rating": 4,
        "review": "asyik banget tempatnya",
        "userLat": -72367400,
        "userLon": 1127380000
    },
    {
        "item_id": 415,
        "rating": 5,
        "review": "keren banget",
        "userLat": -72353900,
        "userLon": 1127370000
    },
    {
        "item_id": 416,
        "rating": 5,
        "review": "keraton surabaya yang sekarang cukup terlupakan",
        "userLat": -72567600,
        "userLon": 1127940000
    },
    {
        "item_id": 417,
        "rating": 4,
        "review": "rame banget",
        "userLat": -7246940,
        "userLon": 112802000
    },
    {
        "item_id": 418,
        "rating": 5,
        "review": "museum sejarah yang bagus",
        "userLat": -72454400,
        "userLon": 1127380000
    },
    {
        "item_id": 419,
        "rating": 5,
        "review": "belajar banyak sejarah disini",
        "userLat": -7246930,
        "userLon": 11273800
    },
    {
        "item_id": 420,
        "rating": 5,
        "review": "sejarah surabaya ada disini",
        "userLat": -72563000,
        "userLon": 1127380000
    },
    {
        "item_id": 421,
        "rating": 5,
        "review": "bagus banget",
        "userLat": -7240330,
        "userLon": 112731000
    },
    {
        "item_id": 422,
        "rating": 4,
        "review": "wajib kesini",
        "userLat": -71954800,
        "userLon": 1127400000
    },
    {
        "item_id": 423,
        "rating": 5,
        "review": "worth it",
        "userLat": -72960500,
        "userLon": 1127390000
    },
    {
        "item_id": 424,
        "rating": 5,
        "review": "bagus banget",
        "userLat": -72509200,
        "userLon": 1128010000
    },
    {
        "item_id": 425,
        "rating": 5,
        "review": "bagus banget",
        "userLat": -72478000,
        "userLon": 1128000000
    },
    {
        "item_id": 426,
        "rating": 4,
        "review": "bagus banget",
        "userLat": -72592900,
        "userLon": 1127470000
    },
    {
        "item_id": 427,
        "rating": 5,
        "review": "rame banget",
        "userLat": -72472800,
        "userLon": 1128010000
    },
    {
        "item_id": 428,
        "rating": 5,
        "review": "nyaman banget",
        "userLat": -72677800,
        "userLon": 1127440000
    },
    {
        "item_id": 429,
        "rating": 5,
        "review": "bagus banget",
        "userLat": -72308200,
        "userLon": 1127340000
    }
]