[
    {
        "item_id": 38,
        "rating": 5,
        "review": "bangunan yang megah",
        "userLat": -6168070,
        "userLon": 1068240000
    },
    {
        "item_id": 39,
        "rating": 4,
        "review": "tempatnya sangat bagus",
        "userLat": -6190940,
        "userLon": 106768000
    },
    {
        "item_id": 40,
        "rating": 5,
        "review": "bagus banget",
        "userLat": -61785500,
        "userLon": 1068330000
    },
    {
        "item_id": 41,
        "rating": 4,
        "review": "bagus",
        "userLat": -61269600,
        "userLon": 1068090000
    },
    {
        "item_id": 42,
        "rating": 4,
        "review": "asyik banget tempatnya",
        "userLat": -61342600,
        "userLon": 106815000
    },
    {
        "item_id": 43,
        "rating": 5,
        "review": "keren banget",
        "userLat": -62555000,
        "userLon": 1068120000
    },
    {
        "item_id": 44,
        "rating": 5,
        "review": "monumen yang bagus",
        "userLat": -61950000,
        "userLon": 1068230000
    },
    {
        "item_id": 45,
        "rating": 4,
        "review": "rame banget",
        "userLat": -61752600,
        "userLon": 1067900000
    },
    {
        "item_id": 46,
        "rating": 5,
        "review": "pulau yang asri",
        "userLat": -57296700,
        "userLon": 1065710000
    },
    {
        "item_id": 47,
        "rating": 5,
        "review": "taman yang asri",
        "userLat": -61978900,
        "userLon": 1068350000
    },
    {
        "item_id": 48,
        "rating": 5,
        "review": "saya menjadi banyak tahu tentang kesenian",
        "userLat": -61891600,
        "userLon": 1068400000
    },
    {
        "item_id": 49,
        "rating": 4,
        "review": "wajib kesini",
        "userLat": -61948500,
        "userLon": 1068200000
    },
    {
        "item_id": 50,
        "rating": 5,
        "review": "worth it",
        "userLat": -61861800,
        "userLon": 1068360000
    },
    {
        "item_id": 51,
        "rating": 5,
        "review": "bagus banget",
        "userLat": -61900800,
        "userLon": 1068390000
    },
    {
        "item_id": 52,
        "rating": 4,
        "review": "nyaman banget",
        "userLat": -63651400,
        "userLon": 1067620000
    },
    {
        "item_id": 53,
        "rating": 5,
        "review": "rame banget",
        "userLat": -610016,
        "userLon": 10696100
    },
    {
        "item_id": 54,
        "rating": 5,
        "review": "bagus banget",
        "userLat": -63401500,
        "userLon": 1069010000
    },
    {
        "item_id": 55,
        "rating": 4,
        "review": "asyik banget",
        "userLat": -61444700,
        "userLon": 1068130000
    },
    {
        "item_id": 56,
        "rating": 5,
        "review": "keren banget",
        "userLat": -61194200,
        "userLon": 1068500000
    },
    {
        "item_id": 57,
        "rating": 5,
        "review": "bagus banget",
        "userLat": -6170560,
        "userLon": 1068350000
    }
]