[
    {
        "item_id": 430,
        "rating": 5,
        "review": "tempat yang menarik",
        "userLat": -72516200,
        "userLon": 1128010000
    },
    {
        "item_id": 431,
        "rating": 4,
        "review": "tempatnya sangat bagus",
        "userLat": -7252290,
        "userLon": 1127520000
    },
    {
        "item_id": 432,
        "rating": 5,
        "review": "bagus banget",
        "userLat": -72516000,
        "userLon": 1127550000
    },
    {
        "item_id": 433,
        "rating": 4,
        "review": "bagus",
        "userLat": -74338600,
        "userLon": 1127200000
    },
    {
        "item_id": 434,
        "rating": 4,
        "review": "asyik banget tempatnya",
        "userLat": -72913500,
        "userLon": 1127400000
    },
    {
        "item_id": 435,
        "rating": 5,
        "review": "keren banget",
        "userLat": -72753000,
        "userLon": 1127550000
    },
    {
        "item_id": 436,
        "rating": 5,
        "review": "bagus banget tempatnya bisa buat refreshing bareng keluarga",
        "userLat": -72943300,
        "userLon": 1127620000
    },
    {
        "item_id": 437,
        "rating": 4,
        "review": "rame banget",
        "userLat": -72420800,
        "userLon": 1127370000
    },
    {
        "item_id": 438,
        "rating": 5,
        "review": "asri parah",
        "userLat": -8.40223,
        "userLon": 115.323
    },
    {
        "item_id": 439,
        "rating": 5,
        "review": "kalau ke bali jangan lupa beli oleh-oleh disini ",
        "userLat": -8.70023,
        "userLon": 115.177
    },
    {
        "item_id": 440,
        "rating": 5,
        "review": "bisa berendam air panas, recomended",
        "userLat": -8.2513,
        "userLon": 115.4
    },
    {
        "item_id": 441,
        "rating": 5,
        "review": "bagus banget",
        "userLat": -8.17307,
        "userLon": 115.105
    },
    {
        "item_id": 442,
        "rating": 4,
        "review": "wajib kesini",
        "userLat": -8.57519,
        "userLon": 115.289
    },
    {
        "item_id": 443,
        "rating": 5,
        "review": "worth it",
        "userLat": -8.43805,
        "userLon": 115.387
    },
    {
        "item_id": 444,
        "rating": 5,
        "review": "bagus banget",
        "userLat": -8.46374,
        "userLon": 115.276
    },
    {
        "item_id": 445,
        "rating": 5,
        "review": "bagus banget",
        "userLat": -8.59973,
        "userLon": 115.252
    },
    {
        "item_id": 446,
        "rating": 4,
        "review": "bagus banget",
        "userLat": -8.2528,
        "userLon": 115.158
    },
    {
        "item_id": 447,
        "rating": 5,
        "review": "rame banget",
        "userLat": -8.49047,
        "userLon": 115.24
    },
    {
        "item_id": 448,
        "rating": 5,
        "review": "nyaman banget",
        "userLat": -8.62844,
        "userLon": 115.259
    },
    {
        "item_id": 449,
        "rating": 5,
        "review": "bagus banget",
        "userLat": -8.6565,
        "userLon": 115.253
    }
]
