[
    {
        "item_id": 490,
        "rating": 5,
        "review": "pantai yang indah",
        "userLat": -8.70602,
        "userLon": 115.263
    },
    {
        "item_id": 491,
        "rating": 4,
        "review": "tempatnya sangat bagus",
        "userLat": -8.69175,
        "userLon": 115.158
    },
    {
        "item_id": 492,
        "rating": 5,
        "review": "bagus banget",
        "userLat": -8.8036,
        "userLon": 115.24
    },
    {
        "item_id": 493,
        "rating": 4,
        "review": "bagus",
        "userLat": -8.50691,
        "userLon": 115.263
    },
    {
        "item_id": 494,
        "rating": 4,
        "review": "asyik banget tempatnya",
        "userLat": -8.37235,
        "userLon": 115.453
    },
    {
        "item_id": 495,
        "rating": 5,
        "review": "keren banget",
        "userLat": -8.42275,
        "userLon": 115.312
    },
    {
        "item_id": 496,
        "rating": 5,
        "review": "belajar banyak di pura ini",
        "userLat": -8.44162,
        "userLon": 115.36
    },
    {
        "item_id": 497,
        "rating": 4,
        "review": "rame banget",
        "userLat": -8.39141,
        "userLon": 115.631
    },
    {
        "item_id": 498,
        "rating": 5,
        "review": "pura yang asri",
        "userLat": -8.3718,
        "userLon": 115.103
    },
    {
        "item_id": 499,
        "rating": 5,
        "review": "pura yang nyaman",
        "userLat": -8.48129,
        "userLon": 115.262
    },
    {
        "item_id": 500,
        "rating": 5,
        "review": "pura yang terawat",
        "userLat": -8.54017,
        "userLon": 115.172
    },
    {
        "item_id": 501,
        "rating": 5,
        "review": "bagus banget",
        "userLat": -8.6209,
        "userLon": 115.087
    },
    {
        "item_id": 502,
        "rating": 4,
        "review": "wajib kesini",
        "userLat": -8.41552,
        "userLon": 115.315
    },
    {
        "item_id": 503,
        "rating": 5,
        "review": "worth it",
        "userLat": -8.82889,
        "userLon": 115.085
    },
    {
        "item_id": 504,
        "rating": 5,
        "review": "bagus banget",
        "userLat": -8.5443,
        "userLon": 115.272
    },
    {
        "item_id": 505,
        "rating": 4,
        "review": "bagus banget",
        "userLat": -8.75303,
        "userLon": 115.219
    },
    {
        "item_id": 506,
        "rating": 5,
        "review": "rame banget",
        "userLat": -8.60411,
        "userLon": 115.253
    },
    {
        "item_id": 507,
        "rating": 5,
        "review": "nyaman banget",
        "userLat": -8.83027,
        "userLon": 115.085
    },
    {
        "item_id": 508,
        "rating": 5,
        "review": "bagus banget",
        "userLat": -8.43389,
        "userLon": 115.279
    },
    {
        "item_id": 509,
        "rating": 5,
        "review": "bagus banget",
        "userLat": -8.41207,
        "userLon": 115.587
    }
]