[
    {
        "item_id": 138,
        "rating": 5,
        "review": "banyak hewan disini",
        "userLat": -77280400,
        "userLon": 1103590000
    },
    {
        "item_id": 139,
        "rating": 4,
        "review": "tempatnya sangat bagus",
        "userLat": -7841250,
        "userLon": 110543000
    },
    {
        "item_id": 140,
        "rating": 5,
        "review": "bagus banget",
        "userLat": -78316700,
        "userLon": 1103950000
    },
    {
        "item_id": 141,
        "rating": 4,
        "review": "bagus",
        "userLat": -75829200,
        "userLon": 1104480000
    },
    {
        "item_id": 142,
        "rating": 4,
        "review": "asyik banget tempatnya",
        "userLat": -76470900,
        "userLon": 1104280000
    },
    {
        "item_id": 143,
        "rating": 5,
        "review": "keren banget",
        "userLat": -79311000,
        "userLon": 110431000
    },
    {
        "item_id": 144,
        "rating": 5,
        "review": "goa yang sangat bagus",
        "userLat": -80281600,
        "userLon": 1106380000
    },
    {
        "item_id": 145,
        "rating": 4,
        "review": "rame banget",
        "userLat": -78136100,
        "userLon": 1105030000
    },
    {
        "item_id": 146,
        "rating": 5,
        "review": "bukit yang asri",
        "userLat": -78001100,
        "userLon": 1101240000
    },
    {
        "item_id": 147,
        "rating": 5,
        "review": "belajar banyak budaya disini",
        "userLat": -77857200,
        "userLon": 1103750000
    },
    {
        "item_id": 148,
        "rating": 5,
        "review": "goa yang bagus,unik",
        "userLat": -79492600,
        "userLon": 1104930000
    },
    {
        "item_id": 149,
        "rating": 4,
        "review": "wajib kesini",
        "userLat": -79794400,
        "userLon": 1103800000
    },
    {
        "item_id": 150,
        "rating": 5,
        "review": "worth it",
        "userLat": -78067500,
        "userLon": 1103640000
    },
    {
        "item_id": 151,
        "rating": 5,
        "review": "bagus banget",
        "userLat": -76410300,
        "userLon": 1103620000
    },
    {
        "item_id": 152,
        "rating": 4,
        "review": "nyaman banget",
        "userLat": -7997780,
        "userLon": 1102450000
    },
    {
        "item_id": 153,
        "rating": 5,
        "review": "rame banget",
        "userLat": -81338800,
        "userLon": 1105550000
    },
    {
        "item_id": 154,
        "rating": 5,
        "review": "bagus banget",
        "userLat": -81333400,
        "userLon": 1105540000
    },
    {
        "item_id": 155,
        "rating": 4,
        "review": "asyik banget",
        "userLat": -81184800,
        "userLon": 1105030000
    },
    {
        "item_id": 156,
        "rating": 5,
        "review": "keren banget",
        "userLat": -81506600,
        "userLon": 1106130000
    },
    {
        "item_id": 157,
        "rating": 5,
        "review": "bagus banget",
        "userLat": -81288200,
        "userLon": 1105490000
    }
]