[
    {
        "item_id": 98,
        "rating": 5,
        "review": "tempatnya indah",
        "userLat": -77505300,
        "userLon": 1103690000
    },
    {
        "item_id": 99,
        "rating": 4,
        "review": "tempatnya sangat bagus",
        "userLat": -7806090,
        "userLon": 11035800
    },
    {
        "item_id": 100,
        "rating": 5,
        "review": "bagus banget",
        "userLat": -78001000,
        "userLon": 1103680000
    },
    {
        "item_id": 101,
        "rating": 4,
        "review": "bagus",
        "userLat": -779219,
        "userLon": 110362000
    },
    {
        "item_id": 102,
        "rating": 4,
        "review": "asyik banget tempatnya",
        "userLat": -78011200,
        "userLon": 1103650000
    },
    {
        "item_id": 103,
        "rating": 5,
        "review": "keren banget",
        "userLat": -77829400,
        "userLon": 1103670000
    },
    {
        "item_id": 104,
        "rating": 5,
        "review": "tebing yang ramai wisatawan",
        "userLat": -77815700,
        "userLon": 1105050000
    },
    {
        "item_id": 105,
        "rating": 4,
        "review": "rame banget",
        "userLat": -77955600,
        "userLon": 1103610000
    },
    {
        "item_id": 106,
        "rating": 5,
        "review": "taman yang asri",
        "userLat": -7793170,
        "userLon": 1103660000
    },
    {
        "item_id": 107,
        "rating": 5,
        "review": "belajar banyak sejarah disini",
        "userLat": -78052800,
        "userLon": 1103640000
    },
    {
        "item_id": 108,
        "rating": 5,
        "review": "waduk yang sangat luas",
        "userLat": -7756230,
        "userLon": 1104150000
    },
    {
        "item_id": 109,
        "rating": 4,
        "review": "wajib kesini",
        "userLat": -78704800,
        "userLon": 1104600000
    },
    {
        "item_id": 110,
        "rating": 5,
        "review": "worth it",
        "userLat": -78010100,
        "userLon": 1103650000
    },
    {
        "item_id": 111,
        "rating": 5,
        "review": "bagus banget",
        "userLat": -79020400,
        "userLon": 1104370000
    },
    {
        "item_id": 112,
        "rating": 4,
        "review": "nyaman banget",
        "userLat": -78458400,
        "userLon": 1104800000
    },
    {
        "item_id": 113,
        "rating": 5,
        "review": "rame banget",
        "userLat": -78001500,
        "userLon": 1103640000
    },
    {
        "item_id": 114,
        "rating": 5,
        "review": "bagus banget",
        "userLat": -76041600,
        "userLon": 1104510000
    },
    {
        "item_id": 115,
        "rating": 4,
        "review": "asyik banget",
        "userLat": -77881700,
        "userLon": 1103720000
    },
    {
        "item_id": 116,
        "rating": 5,
        "review": "keren banget",
        "userLat": -79401100,
        "userLon": 1104300000
    },
    {
        "item_id": 117,
        "rating": 5,
        "review": "bagus banget",
        "userLat": -76209000,
        "userLon": 1104220000
    }
]