[
    {
        "item_id": 118,
        "rating": 5,
        "review": "banyak koleksi",
        "userLat": -78024500,
        "userLon": 1103640000
    },
    {
        "item_id": 119,
        "rating": 4,
        "review": "tempatnya sangat bagus",
        "userLat": -78081500,
        "userLon": 1104600000
    },
    {
        "item_id": 120,
        "rating": 5,
        "review": "bagus banget",
        "userLat": -79583700,
        "userLon": 1104410000
    },
    {
        "item_id": 121,
        "rating": 4,
        "review": "bagus",
        "userLat": -77520200,
        "userLon": 1104910000
    },
    {
        "item_id": 122,
        "rating": 4,
        "review": "asyik banget tempatnya",
        "userLat": -79274100,
        "userLon": 1104120000
    },
    {
        "item_id": 123,
        "rating": 5,
        "review": "keren banget",
        "userLat": -78152800,
        "userLon": 1103990000
    },
    {
        "item_id": 124,
        "rating": 5,
        "review": "tempat yang bagus",
        "userLat": -78010300,
        "userLon": 1103750000
    },
    {
        "item_id": 125,
        "rating": 4,
        "review": "rame banget",
        "userLat": -78039000,
        "userLon": 1103640000
    },
    {
        "item_id": 126,
        "rating": 5,
        "review": "pantai yang asri",
        "userLat": -7999420,
        "userLon": 110249000
    },
    {
        "item_id": 127,
        "rating": 5,
        "review": "bisa berenang disini",
        "userLat": -77044400,
        "userLon": 11045000
    },
    {
        "item_id": 128,
        "rating": 5,
        "review": "seperti di gurun mesir",
        "userLat": -80173300,
        "userLon": 1103180000
    },
    {
        "item_id": 129,
        "rating": 4,
        "review": "wajib kesini",
        "userLat": -79158000,
        "userLon": 1104370000
    },
    {
        "item_id": 130,
        "rating": 5,
        "review": "worth it",
        "userLat": -78057900,
        "userLon": 1102370000
    },
    {
        "item_id": 131,
        "rating": 5,
        "review": "bagus banget",
        "userLat": -79924400,
        "userLon": 110318000
    },
    {
        "item_id": 132,
        "rating": 4,
        "review": "nyaman banget",
        "userLat": -77699900,
        "userLon": 1101210000
    },
    {
        "item_id": 133,
        "rating": 5,
        "review": "rame banget",
        "userLat": -79413700,
        "userLon": 1104250000
    },
    {
        "item_id": 134,
        "rating": 5,
        "review": "bagus banget",
        "userLat": -78055200,
        "userLon": 1102370000
    },
    {
        "item_id": 135,
        "rating": 4,
        "review": "asyik banget",
        "userLat": -77916200,
        "userLon": 110362000
    },
    {
        "item_id": 136,
        "rating": 5,
        "review": "keren banget",
        "userLat": -76340200,
        "userLon": 11033800
    },
    {
        "item_id": 137,
        "rating": 5,
        "review": "bagus banget",
        "userLat": -78057300,
        "userLon": 110128000
    }
]