[
    {
        "item_id": 178,
        "rating": 5,
        "review": "bisa menyusuri goa disini",
        "userLat": -79339700,
        "userLon": 110652000
    },
    {
        "item_id": 179,
        "rating": 4,
        "review": "tempatnya sangat bagus",
        "userLat": -77705400,
        "userLon": 1104890000
    },
    {
        "item_id": 180,
        "rating": 5,
        "review": "bagus banget",
        "userLat": -80137100,
        "userLon": 1102910000
    },
    {
        "item_id": 181,
        "rating": 4,
        "review": "bagus",
        "userLat": -8147070,
        "userLon": 1106080000
    },
    {
        "item_id": 182,
        "rating": 4,
        "review": "asyik banget tempatnya",
        "userLat": -78933500,
        "userLon": 1100200000
    },
    {
        "item_id": 183,
        "rating": 5,
        "review": "keren banget",
        "userLat": -77478500,
        "userLon": 1104190000
    },
    {
        "item_id": 184,
        "rating": 5,
        "review": "bagus banget tempatnya bisa buat refreshing bareng keluarga",
        "userLat": -81366700,
        "userLon": 1105660000
    },
    {
        "item_id": 185,
        "rating": 4,
        "review": "rame banget",
        "userLat": -8145020,
        "userLon": 1106000000
    },
    {
        "item_id": 186,
        "rating": 5,
        "review": "pantai yang unik",
        "userLat": -79119400,
        "userLon": 1100650000
    },
    {
        "item_id": 187,
        "rating": 5,
        "review": "pantai yang bersih",
        "userLat": -81818200,
        "userLon": 1106830000
    },
    {
        "item_id": 188,
        "rating": 5,
        "review": "pantai yang indah",
        "userLat": -8145670,
        "userLon": 1106040000
    },
    {
        "item_id": 189,
        "rating": 4,
        "review": "wajib kesini",
        "userLat": -81060100,
        "userLon": 1104620000
    },
    {
        "item_id": 190,
        "rating": 5,
        "review": "worth it",
        "userLat": -80045500,
        "userLon": 1102700000
    },
    {
        "item_id": 191,
        "rating": 5,
        "review": "bagus banget",
        "userLat": -81384500,
        "userLon": 110578000
    },
    {
        "item_id": 192,
        "rating": 4,
        "review": "nyaman banget",
        "userLat": -7943180,
        "userLon": 11048900
    },
    {
        "item_id": 193,
        "rating": 5,
        "review": "rame banget",
        "userLat": -77439200,
        "userLon": 1104930000
    },
    {
        "item_id": 194,
        "rating": 5,
        "review": "bagus banget",
        "userLat": -81862500,
        "userLon": 110710000
    },
    {
        "item_id": 195,
        "rating": 4,
        "review": "asyik banget",
        "userLat": -8180140,
        "userLon": 1106760000
    },
    {
        "item_id": 196,
        "rating": 5,
        "review": "keren banget",
        "userLat": -81211500,
        "userLon": 1105140000
    },
    {
        "item_id": 197,
        "rating": 5,
        "review": "bagus banget",
        "userLat": -8197820,
        "userLon": 1107120000
    }
]