[
    {
        "item_id": 198,
        "rating": 5,
        "review": "pantai yang bagus",
        "userLat": -81978600,
        "userLon": 1107190000
    },
    {
        "item_id": 199,
        "rating": 4,
        "review": "tempatnya sangat bagus",
        "userLat": -81978900,
        "userLon": 1107210000
    },
    {
        "item_id": 200,
        "rating": 5,
        "review": "bagus banget",
        "userLat": -81370600,
        "userLon": 1105750000
    },
    {
        "item_id": 201,
        "rating": 4,
        "review": "bagus",
        "userLat": -80961500,
        "userLon": 1104350000
    },
    {
        "item_id": 202,
        "rating": 4,
        "review": "asyik banget tempatnya",
        "userLat": -8146420,
        "userLon": 1106060000
    },
    {
        "item_id": 203,
        "rating": 5,
        "review": "keren banget",
        "userLat": -78159600,
        "userLon": 1104140000
    },
    {
        "item_id": 204,
        "rating": 5,
        "review": "bagus banget tempatnya bisa buat refreshing bareng keluarga",
        "userLat": -76258800,
        "userLon": 110372000
    },
    {
        "item_id": 205,
        "rating": 4,
        "review": "rame banget",
        "userLat": -78725700,
        "userLon": 1103550000
    },
    {
        "item_id": 206,
        "rating": 5,
        "review": "dingin sekali disini",
        "userLat": -76120700,
        "userLon": 1104210000
    },
    {
        "item_id": 207,
        "rating": 5,
        "review": "bisa lihat pemandangan malam jogjaa",
        "userLat": -78496100,
        "userLon": 110478000
    },
    {
        "item_id": 208,
        "rating": 5,
        "review": "tempatnya asri",
        "userLat": -77628100,
        "userLon": 1101160000
    },
    {
        "item_id": 209,
        "rating": 4,
        "review": "wajib kesini",
        "userLat": -81367500,
        "userLon": 1105720000
    },
    {
        "item_id": 210,
        "rating": 5,
        "review": "worth it",
        "userLat": -79075400,
        "userLon": 1100540000
    },
    {
        "item_id": 211,
        "rating": 5,
        "review": "bagus banget",
        "userLat": -67596400,
        "userLon": 1076100000
    },
    {
        "item_id": 212,
        "rating": 4,
        "review": "nyaman banget",
        "userLat": -69150500,
        "userLon": 1076090000
    },
    {
        "item_id": 213,
        "rating": 5,
        "review": "rame banget",
        "userLat": -69024800,
        "userLon": 10761900
    },
    {
        "item_id": 214,
        "rating": 5,
        "review": "bagus banget",
        "userLat": -69250900,
        "userLon": 1076360000
    },
    {
        "item_id": 215,
        "rating": 4,
        "review": "asyik banget",
        "userLat": -68565800,
        "userLon": 1076320000
    },
    {
        "item_id": 216,
        "rating": 5,
        "review": "keren banget",
        "userLat": -6832970,
        "userLon": 1076060000
    },
    {
        "item_id": 217,
        "rating": 5,
        "review": "bagus banget",
        "userLat": -68897200,
        "userLon": 1076080000
    }
]