[
    {
        "item_id": 278,
        "rating": 5,
        "review": "masjid yang bersih",
        "userLat": -6863530,
        "userLon": 1075900000
    },
    {
        "item_id": 279,
        "rating": 4,
        "review": "tempatnya sangat bagus",
        "userLat": -69259600,
        "userLon": 1076350000
    },
    {
        "item_id": 280,
        "rating": 5,
        "review": "bagus banget",
        "userLat": -69347700,
        "userLon": 1076250000
    },
    {
        "item_id": 281,
        "rating": 4,
        "review": "bagus",
        "userLat": -70096000,
        "userLon": 1076060000
    },
    {
        "item_id": 282,
        "rating": 4,
        "review": "asyik banget tempatnya",
        "userLat": -68908900,
        "userLon": 1077310000
    },
    {
        "item_id": 283,
        "rating": 5,
        "review": "keren banget",
        "userLat": -69001000,
        "userLon": 1076050000
    },
    {
        "item_id": 284,
        "rating": 5,
        "review": "ramai sekali",
        "userLat": -69177000,
        "userLon": 1076040000
    },
    {
        "item_id": 285,
        "rating": 4,
        "review": "rame banget",
        "userLat": -69103100,
        "userLon": 1076100000
    },
    {
        "item_id": 286,
        "rating": 5,
        "review": "bisa belajar seni disini",
        "userLat": -69204200,
        "userLon": 1076000000
    },
    {
        "item_id": 287,
        "rating": 5,
        "review": "bagus tempatnya, worth it",
        "userLat": -6852210,
        "userLon": 107494000
    },
    {
        "item_id": 288,
        "rating": 5,
        "review": "masjid kampus yang lengkap fasilitasnya",
        "userLat": -68936600,
        "userLon": 107611000
    },
    {
        "item_id": 289,
        "rating": 4,
        "review": "wajib kesini",
        "userLat": -67875600,
        "userLon": 1075820000
    },
    {
        "item_id": 290,
        "rating": 5,
        "review": "worth it",
        "userLat": -68597500,
        "userLon": 1075940000
    },
    {
        "item_id": 291,
        "rating": 5,
        "review": "bagus banget",
        "userLat": -69805800,
        "userLon": 1075860000
    },
    {
        "item_id": 292,
        "rating": 4,
        "review": "nyaman banget",
        "userLat": -68116000,
        "userLon": 1075700000
    },
    {
        "item_id": 293,
        "rating": 5,
        "review": "rame banget",
        "userLat": -69132800,
        "userLon": 1076090000
    },
    {
        "item_id": 294,
        "rating": 5,
        "review": "bagus banget",
        "userLat": -68986900,
        "userLon": 1076080000
    },
    {
        "item_id": 295,
        "rating": 4,
        "review": "asyik banget",
        "userLat": -69406000,
        "userLon": 1076730000
    },
    {
        "item_id": 296,
        "rating": 5,
        "review": "keren banget",
        "userLat": -696323,
        "userLon": 107626000
    },
    {
        "item_id": 297,
        "rating": 5,
        "review": "bagus banget",
        "userLat": -68629400,
        "userLon": 1076480000
    }
]