[
    {
        "item_id": 238,
        "rating": 5,
        "review": "gunung yang indah",
        "userLat": -68761100,
        "userLon": 1077440000
    },
    {
        "item_id": 239,
        "rating": 4,
        "review": "tempatnya sangat bagus",
        "userLat": -68059200,
        "userLon": 1075920000
    },
    {
        "item_id": 240,
        "rating": 5,
        "review": "bagus banget",
        "userLat": -6911210,
        "userLon": 1076130000
    },
    {
        "item_id": 241,
        "rating": 4,
        "review": "bagus",
        "userLat": -6847900,
        "userLon": 1076280000
    },
    {
        "item_id": 242,
        "rating": 4,
        "review": "asyik banget tempatnya",
        "userLat": -68655200,
        "userLon": 1076180000
    },
    {
        "item_id": 243,
        "rating": 5,
        "review": "keren banget",
        "userLat": -69154500,
        "userLon": 107641000
    },
    {
        "item_id": 244,
        "rating": 5,
        "review": "bagus banget tempatnya bisa buat wisata pendidikan",
        "userLat": -70093600,
        "userLon": 1076070000
    },
    {
        "item_id": 245,
        "rating": 4,
        "review": "rame banget",
        "userLat": -6819600,
        "userLon": 1075960000
    },
    {
        "item_id": 246,
        "rating": 5,
        "review": "curug yang terawat",
        "userLat": -67905700,
        "userLon": 1075830000
    },
    {
        "item_id": 247,
        "rating": 5,
        "review": "bagus",
        "userLat": -69159500,
        "userLon": 1076420000
    },
    {
        "item_id": 248,
        "rating": 5,
        "review": "gallery yang sangat bagus",
        "userLat": -68778600,
        "userLon": 1075720000
    },
    {
        "item_id": 249,
        "rating": 4,
        "review": "wajib kesini",
        "userLat": -68963,
        "userLon": 107617
    },
    {
        "item_id": 250,
        "rating": 5,
        "review": "worth it",
        "userLat": -70409200,
        "userLon": 1075270000
    },
    {
        "item_id": 251,
        "rating": 5,
        "review": "bagus banget",
        "userLat": -69021300,
        "userLon": 1076210000
    },
    {
        "item_id": 252,
        "rating": 4,
        "review": "nyaman banget",
        "userLat": -6963160,
        "userLon": 10766200
    },
    {
        "item_id": 253,
        "rating": 5,
        "review": "rame banget",
        "userLat": -68585400,
        "userLon": 1076370000
    },
    {
        "item_id": 254,
        "rating": 5,
        "review": "bagus banget",
        "userLat": -68844200,
        "userLon": 1076070000
    },
    {
        "item_id": 255,
        "rating": 4,
        "review": "asyik banget",
        "userLat": -68782400,
        "userLon": 1075880000
    },
    {
        "item_id": 256,
        "rating": 5,
        "review": "keren banget",
        "userLat": -68936100,
        "userLon": 1077450000
    },
    {
        "item_id": 257,
        "rating": 5,
        "review": "bagus banget",
        "userLat": -69338500,
        "userLon": 107605000
    }
]