[
    {
        "item_id": 218,
        "rating": 5,
        "review": "tempatnya bagus",
        "userLat": -71662000,
        "userLon": 1074020000
    },
    {
        "item_id": 219,
        "rating": 4,
        "review": "tempatnya sangat bagus",
        "userLat": -68340700,
        "userLon": 1076640000
    },
    {
        "item_id": 220,
        "rating": 5,
        "review": "bagus banget",
        "userLat": -67897100,
        "userLon": 1075790000
    },
    {
        "item_id": 221,
        "rating": 4,
        "review": "bagus",
        "userLat": -69007200,
        "userLon": 1076210000
    },
    {
        "item_id": 222,
        "rating": 4,
        "review": "asyik banget tempatnya",
        "userLat": -69211100,
        "userLon": 107610000
    },
    {
        "item_id": 223,
        "rating": 5,
        "review": "keren banget",
        "userLat": -69216900,
        "userLon": 1076060000
    },
    {
        "item_id": 224,
        "rating": 5,
        "review": "bagus banget tempatnya bisa buat refreshing bareng keluarga",
        "userLat": -68486400,
        "userLon": 107626000
    },
    {
        "item_id": 225,
        "rating": 4,
        "review": "rame banget",
        "userLat": -6780490,
        "userLon": 107637000
    },
    {
        "item_id": 226,
        "rating": 5,
        "review": "puncak yang asri",
        "userLat": -68419800,
        "userLon": 107623000
    },
    {
        "item_id": 227,
        "rating": 5,
        "review": "sangat ramai ",
        "userLat": -69218600,
        "userLon": 1076070000
    },
    {
        "item_id": 228,
        "rating": 5,
        "review": "saya menjadi banyak tahu di museum ini",
        "userLat": -69375700,
        "userLon": 107604000
    },
    {
        "item_id": 229,
        "rating": 4,
        "review": "wajib kesini",
        "userLat": -68669500,
        "userLon": 1076100000
    },
    {
        "item_id": 230,
        "rating": 5,
        "review": "worth it",
        "userLat": -68281500,
        "userLon": 1074350000
    },
    {
        "item_id": 231,
        "rating": 5,
        "review": "bagus banget",
        "userLat": -6833120,
        "userLon": 1076040000
    },
    {
        "item_id": 232,
        "rating": 4,
        "review": "nyaman banget",
        "userLat": -68422200,
        "userLon": 1076770000
    },
    {
        "item_id": 233,
        "rating": 5,
        "review": "rame banget",
        "userLat": -73193300,
        "userLon": 1077310000
    },
    {
        "item_id": 234,
        "rating": 5,
        "review": "bagus banget",
        "userLat": -68516600,
        "userLon": 1075960000
    },
    {
        "item_id": 235,
        "rating": 4,
        "review": "asyik banget",
        "userLat": -68544600,
        "userLon": 1076380000
    },
    {
        "item_id": 236,
        "rating": 5,
        "review": "keren banget",
        "userLat": -6912970,
        "userLon": 1076100000
    },
    {
        "item_id": 237,
        "rating": 5,
        "review": "bagus banget",
        "userLat": -69614000,
        "userLon": 1076230000
    }
]