[
    {
        "item_id": 258,
        "rating": 5,
        "review": "banyak koleksi",
        "userLat": -69026400,
        "userLon": 107619000
    },
    {
        "item_id": 259,
        "rating": 4,
        "review": "tempatnya sangat bagus",
        "userLat": -68934300,
        "userLon": 1076190000
    },
    {
        "item_id": 260,
        "rating": 5,
        "review": "bagus banget",
        "userLat": -6902010,
        "userLon": 1076200000
    },
    {
        "item_id": 261,
        "rating": 4,
        "review": "bagus",
        "userLat": -6786940,
        "userLon": 1075840000
    },
    {
        "item_id": 262,
        "rating": 4,
        "review": "asyik banget tempatnya",
        "userLat": -68597000,
        "userLon": 1076360000
    },
    {
        "item_id": 263,
        "rating": 5,
        "review": "keren banget",
        "userLat": -68743600,
        "userLon": 1076840000
    },
    {
        "item_id": 264,
        "rating": 5,
        "review": "gereja yang besar",
        "userLat": -69148400,
        "userLon": 1076110000
    },
    {
        "item_id": 265,
        "rating": 4,
        "review": "rame banget",
        "userLat": -69173400,
        "userLon": 1076110000
    },
    {
        "item_id": 266,
        "rating": 5,
        "review": "taman yang asri",
        "userLat": -68580500,
        "userLon": 1076650000
    },
    {
        "item_id": 267,
        "rating": 5,
        "review": "tempat yang asyik",
        "userLat": -69119800,
        "userLon": 107570000
    },
    {
        "item_id": 268,
        "rating": 5,
        "review": "tempatny nyaman",
        "userLat": -68423600,
        "userLon": 1076230000
    },
    {
        "item_id": 269,
        "rating": 4,
        "review": "wajib kesini",
        "userLat": -68932200,
        "userLon": 1077450000
    },
    {
        "item_id": 270,
        "rating": 5,
        "review": "worth it",
        "userLat": -68417800,
        "userLon": 1076770000
    },
    {
        "item_id": 271,
        "rating": 5,
        "review": "bagus banget",
        "userLat": -69140500,
        "userLon": 1076100000
    },
    {
        "item_id": 272,
        "rating": 4,
        "review": "nyaman banget",
        "userLat": -6870100,
        "userLon": 1076160000
    },
    {
        "item_id": 273,
        "rating": 5,
        "review": "rame banget",
        "userLat": -6790390,
        "userLon": 1075780000
    },
    {
        "item_id": 274,
        "rating": 5,
        "review": "bagus banget",
        "userLat": -68853700,
        "userLon": 1076110000
    },
    {
        "item_id": 275,
        "rating": 4,
        "review": "asyik banget",
        "userLat": -67992000,
        "userLon": 1075920000
    },
    {
        "item_id": 276,
        "rating": 5,
        "review": "keren banget",
        "userLat": -68980600,
        "userLon": 1076090000
    },
    {
        "item_id": 277,
        "rating": 5,
        "review": "bagus banget",
        "userLat": -69318000,
        "userLon": 1075880000
    }
]