[
    {
        "item_id": 318,
        "rating": 5,
        "review": "bagus dan unik",
        "userLat": -71669600,
        "userLon": 1073580000
    },
    {
        "item_id": 319,
        "rating": 4,
        "review": "tempatnya sangat bagus",
        "userLat": -71724100,
        "userLon": 1073770000
    },
    {
        "item_id": 320,
        "rating": 5,
        "review": "bagus banget",
        "userLat": -71471500,
        "userLon": 1073900000
    },
    {
        "item_id": 321,
        "rating": 4,
        "review": "bagus",
        "userLat": -71675900,
        "userLon": 1073530000
    },
    {
        "item_id": 322,
        "rating": 4,
        "review": "asyik banget tempatnya",
        "userLat": -71951100,
        "userLon": 1074310000
    },
    {
        "item_id": 323,
        "rating": 5,
        "review": "keren banget",
        "userLat": -6601320,
        "userLon": 106633000
    },
    {
        "item_id": 324,
        "rating": 5,
        "review": "bagus banget tempatnya bisa buat refreshing bareng keluarga",
        "userLat": -71147900,
        "userLon": 1074380000
    },
    {
        "item_id": 325,
        "rating": 4,
        "review": "rame banget",
        "userLat": -68971400,
        "userLon": 1076560000
    },
    {
        "item_id": 326,
        "rating": 5,
        "review": "taman yang asri",
        "userLat": -68590000,
        "userLon": 107569000
    },
    {
        "item_id": 327,
        "rating": 5,
        "review": "bisa melihat kereta api dalam bentuk miniatur",
        "userLat": -6817330,
        "userLon": 10761800
    },
    {
        "item_id": 328,
        "rating": 5,
        "review": "goa yang bagus",
        "userLat": -68231800,
        "userLon": 1074370000
    },
    {
        "item_id": 329,
        "rating": 4,
        "review": "wajib kesini",
        "userLat": -69588800,
        "userLon": 1074710000
    },
    {
        "item_id": 330,
        "rating": 5,
        "review": "worth it",
        "userLat": -69220800,
        "userLon": 1076070000
    },
    {
        "item_id": 331,
        "rating": 5,
        "review": "bagus banget",
        "userLat": -6819880,
        "userLon": 107619000
    },
    {
        "item_id": 332,
        "rating": 4,
        "review": "nyaman banget",
        "userLat": -68179500,
        "userLon": 107619000
    },
    {
        "item_id": 333,
        "rating": 5,
        "review": "rame banget",
        "userLat": -68186900,
        "userLon": 1076170000
    },
    {
        "item_id": 334,
        "rating": 5,
        "review": "bagus banget",
        "userLat": -69012200,
        "userLon": 1076100000
    },
    {
        "item_id": 335,
        "rating": 4,
        "review": "asyik banget",
        "userLat": -72098900,
        "userLon": 1103420000
    },
    {
        "item_id": 336,
        "rating": 5,
        "review": "keren banget",
        "userLat": -69605200,
        "userLon": 1103860000
    },
    {
        "item_id": 337,
        "rating": 5,
        "review": "bagus banget",
        "userLat": -69888800,
        "userLon": 1104080000
    }
]