[
    {
        "item_id": 338,
        "rating": 5,
        "review": "banyak pintu,tempat bersejarah di semarang",
        "userLat": -69839100,
        "userLon": 1104100000
    },
    {
        "item_id": 339,
        "rating": 4,
        "review": "tempatnya sangat bagus",
        "userLat": -69962400,
        "userLon": 110398000
    },
    {
        "item_id": 340,
        "rating": 5,
        "review": "bagus banget",
        "userLat": -70205200,
        "userLon": 1103750000
    },
    {
        "item_id": 341,
        "rating": 4,
        "review": "bagus",
        "userLat": -70296800,
        "userLon": 1104000000
    },
    {
        "item_id": 342,
        "rating": 4,
        "review": "asyik banget tempatnya",
        "userLat": -69909400,
        "userLon": 1104070000
    },
    {
        "item_id": 343,
        "rating": 5,
        "review": "keren banget",
        "userLat": -69451100,
        "userLon": 1103980000
    },
    {
        "item_id": 344,
        "rating": 5,
        "review": "bagus banget tempatnya bisa buat refreshing bareng keluarga",
        "userLat": -6948880,
        "userLon": 1103890000
    },
    {
        "item_id": 345,
        "rating": 4,
        "review": "rame banget",
        "userLat": -69687700,
        "userLon": 1104320000
    },
    {
        "item_id": 346,
        "rating": 5,
        "review": "taman yang asri",
        "userLat": -69923500,
        "userLon": 1104200000
    },
    {
        "item_id": 347,
        "rating": 3,
        "review": "parkiran susah",
        "userLat": -69877900,
        "userLon": 1104170000
    },
    {
        "item_id": 348,
        "rating": 5,
        "review": "belajar budaya baru di sini",
        "userLat": -69984800,
        "userLon": 1104110000
    },
    {
        "item_id": 349,
        "rating": 4,
        "review": "wajib kesini",
        "userLat": -69685600,
        "userLon": 1103460000
    },
    {
        "item_id": 350,
        "rating": 5,
        "review": "worth it",
        "userLat": -69486400,
        "userLon": 1104100000
    },
    {
        "item_id": 351,
        "rating": 5,
        "review": "bagus banget",
        "userLat": -69684100,
        "userLon": 1104260000
    },
    {
        "item_id": 352,
        "rating": 4,
        "review": "nyaman banget",
        "userLat": -69683500,
        "userLon": 1104270000
    },
    {
        "item_id": 353,
        "rating": 5,
        "review": "rame banget",
        "userLat": -69681700,
        "userLon": 1104280000
    },
    {
        "item_id": 354,
        "rating": 5,
        "review": "bagus banget",
        "userLat": -69675,
        "userLon": 1104280
    },
    {
        "item_id": 355,
        "rating": 4,
        "review": "asyik banget",
        "userLat": -71945900,
        "userLon": 1103730000
    },
    {
        "item_id": 356,
        "rating": 5,
        "review": "keren banget",
        "userLat": -72807300,
        "userLon": 1104600000
    },
    {
        "item_id": 357,
        "rating": 5,
        "review": "bagus banget",
        "userLat": -71158000,
        "userLon": 1104220000
    }
]