[
    {
        "item_id": 358,
        "rating": 5,
        "review": "masjid yang unik",
        "userLat": -70187800,
        "userLon": 1102940000
    },
    {
        "item_id": 359,
        "rating": 4,
        "review": "tempatnya sangat bagus",
        "userLat": -72255000,
        "userLon": 1103460000
    },
    {
        "item_id": 360,
        "rating": 5,
        "review": "bagus banget",
        "userLat": -73581000,
        "userLon": 1104210000
    },
    {
        "item_id": 361,
        "rating": 4,
        "review": "bagus",
        "userLat": -72141600,
        "userLon": 1103770000
    },
    {
        "item_id": 362,
        "rating": 4,
        "review": "asyik banget tempatnya",
        "userLat": -72854900,
        "userLon": 1104320000
    },
    {
        "item_id": 363,
        "rating": 5,
        "review": "keren banget",
        "userLat": -69545700,
        "userLon": 1103600000
    },
    {
        "item_id": 364,
        "rating": 5,
        "review": "bagus banget tempatnya bisa buat refreshing bareng keluarga",
        "userLat": -70218900,
        "userLon": 1104380000
    },
    {
        "item_id": 365,
        "rating": 4,
        "review": "rame banget",
        "userLat": -70370500,
        "userLon": 1103480000
    },
    {
        "item_id": 366,
        "rating": 5,
        "review": "kolam renang yang nyaman",
        "userLat": -7132110,
        "userLon": 110395000
    },
    {
        "item_id": 367,
        "rating": 5,
        "review": "wisata yang asri",
        "userLat": -73126600,
        "userLon": 1103750000
    },
    {
        "item_id": 368,
        "rating": 5,
        "review": "unik ada restoran mengapung",
        "userLat": -7267540,
        "userLon": 110418000
    },
    {
        "item_id": 369,
        "rating": 4,
        "review": "wajib kesini",
        "userLat": -72598900,
        "userLon": 1104030000
    },
    {
        "item_id": 370,
        "rating": 5,
        "review": "worth it",
        "userLat": -72706500,
        "userLon": 1104100000
    },
    {
        "item_id": 371,
        "rating": 5,
        "review": "bagus banget",
        "userLat": -72531100,
        "userLon": 1104260000
    },
    {
        "item_id": 372,
        "rating": 4,
        "review": "nyaman banget",
        "userLat": -72552400,
        "userLon": 1103990000
    },
    {
        "item_id": 373,
        "rating": 5,
        "review": "rame banget",
        "userLat": -72646000,
        "userLon": 1104050000
    },
    {
        "item_id": 374,
        "rating": 5,
        "review": "bagus banget",
        "userLat": -7395610,
        "userLon": 1104520000
    },
    {
        "item_id": 375,
        "rating": 4,
        "review": "asyik banget",
        "userLat": -69681400,
        "userLon": 1104280000
    },
    {
        "item_id": 376,
        "rating": 5,
        "review": "keren banget",
        "userLat": -69749900,
        "userLon": 110425000
    },
    {
        "item_id": 377,
        "rating": 5,
        "review": "bagus banget",
        "userLat": -72156900,
        "userLon": 1103650000
    }
]