[
    {
        "item_id": 418,
        "rating": 5,
        "review": "banyak koleksi",
        "userLat": -72454400,
        "userLon": 1127380000
    },
    {
        "item_id": 419,
        "rating": 4,
        "review": "tempatnya sangat bagus",
        "userLat": -7246930,
        "userLon": 11273800
    },
    {
        "item_id": 420,
        "rating": 5,
        "review": "bagus banget",
        "userLat": -72563000,
        "userLon": 1127380000
    },
    {
        "item_id": 421,
        "rating": 4,
        "review": "bagus",
        "userLat": -7240330,
        "userLon": 112731000
    },
    {
        "item_id": 422,
        "rating": 4,
        "review": "asyik banget tempatnya",
        "userLat": -71954800,
        "userLon": 1127400000
    },
    {
        "item_id": 423,
        "rating": 5,
        "review": "keren banget",
        "userLat": -72960500,
        "userLon": 1127390000
    },
    {
        "item_id": 424,
        "rating": 5,
        "review": "bagus banget tempatnya bisa buat refreshing bareng keluarga",
        "userLat": -72509200,
        "userLon": 1128010000
    },
    {
        "item_id": 425,
        "rating": 4,
        "review": "rame banget",
        "userLat": -72478000,
        "userLon": 1128000000
    },
    {
        "item_id": 426,
        "rating": 5,
        "review": "balai kota yang luas",
        "userLat": -72592900,
        "userLon": 1127470000
    },
    {
        "item_id": 427,
        "rating": 5,
        "review": "belajar banyak sejarah disini",
        "userLat": -72472800,
        "userLon": 1128010000
    },
    {
        "item_id": 428,
        "rating": 5,
        "review": "saya menjadi banyak tahu tentang sejarah di monumen ini",
        "userLat": -72677800,
        "userLon": 1127440000
    },
    {
        "item_id": 429,
        "rating": 4,
        "review": "wajib kesini",
        "userLat": -72308200,
        "userLon": 1127340000
    },
    {
        "item_id": 430,
        "rating": 5,
        "review": "worth it",
        "userLat": -72516200,
        "userLon": 1128010000
    },
    {
        "item_id": 431,
        "rating": 5,
        "review": "bagus banget",
        "userLat": -7252290,
        "userLon": 1127520000
    },
    {
        "item_id": 432,
        "rating": 4,
        "review": "nyaman banget",
        "userLat": -72516000,
        "userLon": 1127550000
    },
    {
        "item_id": 433,
        "rating": 5,
        "review": "rame banget",
        "userLat": -74338600,
        "userLon": 1127200000
    },
    {
        "item_id": 434,
        "rating": 5,
        "review": "bagus banget",
        "userLat": -72913500,
        "userLon": 1127400000
    },
    {
        "item_id": 435,
        "rating": 4,
        "review": "asyik banget",
        "userLat": -72753000,
        "userLon": 1127550000
    },
    {
        "item_id": 436,
        "rating": 5,
        "review": "keren banget",
        "userLat": -72943300,
        "userLon": 1127620000
    },
    {
        "item_id": 437,
        "rating": 5,
        "review": "bagus banget",
        "userLat": -72420800,
        "userLon": 1127370000
    }
]