[
    {
        "item_id": 378,
        "rating": 5,
        "review": "spot foto yag bagus",
        "userLat": -72678200,
        "userLon": 1104480000
    },
    {
        "item_id": 379,
        "rating": 4,
        "review": "tempatnya sangat bagus",
        "userLat": -72721600,
        "userLon": 1104700000
    },
    {
        "item_id": 380,
        "rating": 5,
        "review": "bagus banget",
        "userLat": -71350700,
        "userLon": 1104090000
    },
    {
        "item_id": 381,
        "rating": 4,
        "review": "bagus",
        "userLat": -69843500,
        "userLon": 1104090000
    },
    {
        "item_id": 382,
        "rating": 4,
        "review": "asyik banget tempatnya",
        "userLat": -72539000,
        "userLon": 1104410000
    },
    {
        "item_id": 383,
        "rating": 5,
        "review": "keren banget",
        "userLat": -70388000,
        "userLon": 1104220000
    },
    {
        "item_id": 384,
        "rating": 5,
        "review": "kulinernya sangat mantap",
        "userLat": -70291000,
        "userLon": 1103780000
    },
    {
        "item_id": 385,
        "rating": 4,
        "review": "rame banget",
        "userLat": -69688800,
        "userLon": 1104320000
    },
    {
        "item_id": 386,
        "rating": 5,
        "review": "tempat yang asri",
        "userLat": -71663000,
        "userLon": 110381000
    },
    {
        "item_id": 387,
        "rating": 5,
        "review": "goa yang sangat menarik",
        "userLat": -70372100,
        "userLon": 1103480000
    },
    {
        "item_id": 388,
        "rating": 5,
        "review": "cocok untuk weekend",
        "userLat": -71298100,
        "userLon": 110389000
    },
    {
        "item_id": 389,
        "rating": 4,
        "review": "wajib kesini",
        "userLat": -70565200,
        "userLon": 1104860000
    },
    {
        "item_id": 390,
        "rating": 5,
        "review": "worth it",
        "userLat": -70967100,
        "userLon": 1103900000
    },
    {
        "item_id": 391,
        "rating": 5,
        "review": "bagus banget",
        "userLat": -72241800,
        "userLon": 1103780000
    },
    {
        "item_id": 392,
        "rating": 4,
        "review": "nyaman banget",
        "userLat": -73086500,
        "userLon": 1128220000
    },
    {
        "item_id": 393,
        "rating": 5,
        "review": "rame banget",
        "userLat": -72952200,
        "userLon": 1128040000
    },
    {
        "item_id": 394,
        "rating": 5,
        "review": "bagus banget",
        "userLat": -72356900,
        "userLon": 1127960000
    },
    {
        "item_id": 395,
        "rating": 4,
        "review": "asyik banget",
        "userLat": -72614700,
        "userLon": 1127430000
    },
    {
        "item_id": 396,
        "rating": 5,
        "review": "keren banget",
        "userLat": -72654300,
        "userLon": 1127500000
    },
    {
        "item_id": 397,
        "rating": 5,
        "review": "bagus banget",
        "userLat": -73182200,
        "userLon": 1127840000
    }
]