[
    {
        "item_id": 398,
        "rating": 5,
        "review": "banyak pengunjung",
        "userLat": -72662100,
        "userLon": 112795000
    },
    {
        "item_id": 399,
        "rating": 4,
        "review": "tempatnya sangat bagus",
        "userLat": -73275600,
        "userLon": 1127310000
    },
    {
        "item_id": 400,
        "rating": 5,
        "review": "bagus banget",
        "userLat": -72941900,
        "userLon": 1128020000
    },
    {
        "item_id": 401,
        "rating": 4,
        "review": "kalau kalian sedang capek, tempat ini worth it banget",
        "userLat": -72732200,
        "userLon": 112744000
    },
    {
        "item_id": 402,
        "rating": 4,
        "review": "asyik banget tempatnya",
        "userLat": -7251020,
        "userLon": 1126620000
    },
    {
        "item_id": 403,
        "rating": 5,
        "review": "keren banget",
        "userLat": -72220600,
        "userLon": 1127320000
    },
    {
        "item_id": 404,
        "rating": 5,
        "review": "bagus banget tempatnya bisa buat refreshing bareng keluarga",
        "userLat": -72523000,
        "userLon": 1127970000
    },
    {
        "item_id": 405,
        "rating": 4,
        "review": "rame banget",
        "userLat": -71968200,
        "userLon": 1127320000
    },
    {
        "item_id": 406,
        "rating": 5,
        "review": "kebun yang asri",
        "userLat": -73123700,
        "userLon": 1127890000
    },
    {
        "item_id": 407,
        "rating": 5,
        "review": "taman yang sejuk banyak buku",
        "userLat": -72573100,
        "userLon": 1127440000
    },
    {
        "item_id": 408,
        "rating": 5,
        "review": "banyak hewan yang menarik",
        "userLat": -72959500,
        "userLon": 1127370000
    },
    {
        "item_id": 409,
        "rating": 4,
        "review": "wajib kesini",
        "userLat": -7278740,
        "userLon": 112718000
    },
    {
        "item_id": 410,
        "rating": 5,
        "review": "worth it",
        "userLat": -72861700,
        "userLon": 1126330000
    },
    {
        "item_id": 411,
        "rating": 5,
        "review": "bagus banget",
        "userLat": -72522800,
        "userLon": 1127470000
    },
    {
        "item_id": 412,
        "rating": 4,
        "review": "nyaman banget",
        "userLat": -73366100,
        "userLon": 1127150000
    },
    {
        "item_id": 413,
        "rating": 5,
        "review": "rame banget",
        "userLat": -7227180,
        "userLon": 112719000
    },
    {
        "item_id": 414,
        "rating": 5,
        "review": "bagus banget",
        "userLat": -72367400,
        "userLon": 1127380000
    },
    {
        "item_id": 415,
        "rating": 4,
        "review": "asyik banget",
        "userLat": -72353900,
        "userLon": 1127370000
    },
    {
        "item_id": 416,
        "rating": 5,
        "review": "keren banget",
        "userLat": -72567600,
        "userLon": 1127940000
    },
    {
        "item_id": 417,
        "rating": 5,
        "review": "bagus banget",
        "userLat": -7246940,
        "userLon": 112802000
    }
]