[
    {
        "item_id": 458,
        "rating": 5,
        "review": "banyak koleksi",
        "userLat": -8.54303,
        "userLon": 115.262
    },
    {
        "item_id": 459,
        "rating": 4,
        "review": "tempatnya sangat bagus",
        "userLat": -8.81039,
        "userLon": 115.168
    },
    {
        "item_id": 460,
        "rating": 5,
        "review": "bagus banget",
        "userLat": -8.52249,
        "userLon": 115.288
    },
    {
        "item_id": 461,
        "rating": 4,
        "review": "bagus cuyy",
        "userLat": -8.34261,
        "userLon": 115.507
    },
    {
        "item_id": 462,
        "rating": 4,
        "review": "asyik banget tempatnya",
        "userLat": -8.23843,
        "userLon": 115.378
    },
    {
        "item_id": 463,
        "rating": 5,
        "review": "keren banget",
        "userLat": -8.46286,
        "userLon": 115.631
    },
    {
        "item_id": 464,
        "rating": 5,
        "review": "bagus banget tempatnya bisa lihat tarian",
        "userLat": -8.50642,
        "userLon": 115.263
    },
    {
        "item_id": 465,
        "rating": 4,
        "review": "rame banget",
        "userLat": -8.37007,
        "userLon": 115.131
    },
    {
        "item_id": 466,
        "rating": 5,
        "review": "pantai yang terawat",
        "userLat": -8.77617,
        "userLon": 115.166
    },
    {
        "item_id": 467,
        "rating": 5,
        "review": "banyak pilihan oleh-oleh khas bali disini",
        "userLat": -8.70702,
        "userLon": 115.181
    },
    {
        "item_id": 468,
        "rating": 5,
        "review": "sejuk sekali disini",
        "userLat": -8.27883,
        "userLon": 115.364
    },
    {
        "item_id": 469,
        "rating": 4,
        "review": "wajib kesini",
        "userLat": -8.17214,
        "userLon": 114.992
    },
    {
        "item_id": 470,
        "rating": 5,
        "review": "worth it",
        "userLat": -8.519,
        "userLon": 115.261
    },
    {
        "item_id": 471,
        "rating": 5,
        "review": "bagus banget",
        "userLat": -8.67152,
        "userLon": 115.234
    },
    {
        "item_id": 472,
        "rating": 4,
        "review": "nyaman banget",
        "userLat": -8.42196,
        "userLon": 115.359
    },
    {
        "item_id": 473,
        "rating": 5,
        "review": "rame banget",
        "userLat": -8.72468,
        "userLon": 115.448
    },
    {
        "item_id": 474,
        "rating": 5,
        "review": "bagus banget",
        "userLat": -8.77121,
        "userLon": 115.622
    },
    {
        "item_id": 475,
        "rating": 4,
        "review": "asyik banget",
        "userLat": -8.51328,
        "userLon": 115.514
    },
    {
        "item_id": 476,
        "rating": 5,
        "review": "keren banget",
        "userLat": -8.66079,
        "userLon": 115.132
    },
    {
        "item_id": 477,
        "rating": 5,
        "review": "bagus banget",
        "userLat": -8.71489,
        "userLon": 115.459
    }
]