[
    {
        "item_id": 438,
        "rating": 5,
        "review": "ngopi disini nyaman banget",
        "userLat": -8.40223,
        "userLon": 115.323
    },
    {
        "item_id": 439,
        "rating": 4,
        "review": "tempatnya sangat bagus",
        "userLat": -8.70023,
        "userLon": 115.177
    },
    {
        "item_id": 440,
        "rating": 5,
        "review": "bagus banget",
        "userLat": -8.2513,
        "userLon": 115.4
    },
    {
        "item_id": 441,
        "rating": 4,
        "review": "bagus",
        "userLat": -8.17307,
        "userLon": 115.105
    },
    {
        "item_id": 442,
        "rating": 4,
        "review": "asyik banget tempatnya",
        "userLat": -8.57519,
        "userLon": 115.289
    },
    {
        "item_id": 443,
        "rating": 5,
        "review": "keren banget",
        "userLat": -8.43805,
        "userLon": 115.387
    },
    {
        "item_id": 444,
        "rating": 5,
        "review": "saya bisa terbang disini",
        "userLat": -8.46374,
        "userLon": 115.276
    },
    {
        "item_id": 445,
        "rating": 4,
        "review": "rame banget",
        "userLat": -8.59973,
        "userLon": 115.252
    },
    {
        "item_id": 446,
        "rating": 5,
        "review": "taman yang asri",
        "userLat": -8.2528,
        "userLon": 115.158
    },
    {
        "item_id": 447,
        "rating": 5,
        "review": "berasa pulang ke kampung halaman",
        "userLat": -8.49047,
        "userLon": 115.24
    },
    {
        "item_id": 448,
        "rating": 5,
        "review": "saya menjadi banyak tahu tentang batik",
        "userLat": -8.62844,
        "userLon": 115.259
    },
    {
        "item_id": 449,
        "rating": 4,
        "review": "wajib kesini",
        "userLat": -8.6565,
        "userLon": 115.253
    },
    {
        "item_id": 450,
        "rating": 5,
        "review": "worth it",
        "userLat": -8.23985,
        "userLon": 115.108
    },
    {
        "item_id": 451,
        "rating": 5,
        "review": "bagus banget",
        "userLat": -8.50347,
        "userLon": 115.255
    },
    {
        "item_id": 452,
        "rating": 4,
        "review": "nyaman banget",
        "userLat": -8.25568,
        "userLon": 115.408
    },
    {
        "item_id": 453,
        "rating": 5,
        "review": "rame banget",
        "userLat": -8.27097,
        "userLon": 115.174
    },
    {
        "item_id": 454,
        "rating": 5,
        "review": "bagus banget",
        "userLat": -8.25613,
        "userLon": 115.097
    },
    {
        "item_id": 455,
        "rating": 4,
        "review": "asyik banget",
        "userLat": -8.64206,
        "userLon": 115.256
    },
    {
        "item_id": 456,
        "rating": 5,
        "review": "keren banget",
        "userLat": -8.60012,
        "userLon": 115.272
    },
    {
        "item_id": 457,
        "rating": 5,
        "review": "bagus banget",
        "userLat": -8.4645,
        "userLon": 115.256
    }
]