[
    {
        "item_id": 478,
        "rating": 5,
        "review": "tempatnya sangat bersih",
        "userLat": -8.77432,
        "userLon": 115.62
    },
    {
        "item_id": 479,
        "rating": 4,
        "review": "tempatnya sangat bagus",
        "userLat": -8.69736,
        "userLon": 115.162
    },
    {
        "item_id": 480,
        "rating": 5,
        "review": "bagus banget",
        "userLat": -8.79885,
        "userLon": 115.118
    },
    {
        "item_id": 481,
        "rating": 4,
        "review": "bagus",
        "userLat": -8.74994,
        "userLon": 115.473
    },
    {
        "item_id": 482,
        "rating": 4,
        "review": "asyik banget tempatnya",
        "userLat": -8.71442,
        "userLon": 115.169
    },
    {
        "item_id": 483,
        "rating": 5,
        "review": "keren banget",
        "userLat": -8.84742,
        "userLon": 115.163
    },
    {
        "item_id": 484,
        "rating": 5,
        "review": "bagus banget tempatnya bisa buat refreshing bareng keluarga",
        "userLat": -8.79553,
        "userLon": 115.233
    },
    {
        "item_id": 485,
        "rating": 4,
        "review": "rame banget",
        "userLat": -8.81096,
        "userLon": 115.104
    },
    {
        "item_id": 486,
        "rating": 5,
        "review": "pantai yang bagus dan nyaman",
        "userLat": -8.8443,
        "userLon": 115.187
    },
    {
        "item_id": 487,
        "rating": 5,
        "review": "pantai yang indah",
        "userLat": -8.69579,
        "userLon": 115.452
    },
    {
        "item_id": 488,
        "rating": 5,
        "review": "banyak orang luar negara kesini",
        "userLat": -8.49722,
        "userLon": 115.612
    },
    {
        "item_id": 489,
        "rating": 4,
        "review": "wajib kesini",
        "userLat": -8.58166,
        "userLon": 115.276
    },
    {
        "item_id": 490,
        "rating": 5,
        "review": "worth it",
        "userLat": -8.70602,
        "userLon": 115.263
    },
    {
        "item_id": 491,
        "rating": 5,
        "review": "bagus banget",
        "userLat": -8.69175,
        "userLon": 115.158
    },
    {
        "item_id": 492,
        "rating": 4,
        "review": "nyaman banget",
        "userLat": -8.8036,
        "userLon": 115.24
    },
    {
        "item_id": 493,
        "rating": 5,
        "review": "rame banget",
        "userLat": -8.50691,
        "userLon": 115.263
    },
    {
        "item_id": 494,
        "rating": 5,
        "review": "bagus banget",
        "userLat": -8.37235,
        "userLon": 115.453
    },
    {
        "item_id": 495,
        "rating": 4,
        "review": "asyik banget",
        "userLat": -8.42275,
        "userLon": 115.312
    },
    {
        "item_id": 496,
        "rating": 5,
        "review": "keren banget",
        "userLat": -8.44162,
        "userLon": 115.36
    },
    {
        "item_id": 497,
        "rating": 5,
        "review": "bagus banget",
        "userLat": -8.39141,
        "userLon": 115.631
    }
]