[
    {
        "username":"yang1",
        "name":"fufufafa",
        "password":"bangkit2024",
        "age":22,
        "email":"yang1@gmail.com",
        "city":"Flores",
        "prefered_category":"Budaya"
    },
    {
        "username":"yang2",
        "name":"Lee Dong Hyuk",
        "password":"bangkit2024",
        "age":22,
        "email":"yang2@gmail.com",
        "city":"Bali",
        "prefered_category":"Taman Hiburan"
    },
    {
        "username":"yang3",
        "name":"Azizah",
        "password":"bangkit2024",
        "age":22,
        "email":"yang3@gmail.com",
        "city":"Manado",
        "prefered_category":"Cagar Alam"
    },
    {
        "username":"yang4",
        "name":"Arhan Pratama",
        "password":"bangkit2024",
        "age":22,
        "email":"yang4@gmail.com",
        "city":"Bandung",
        "prefered_category":"Bahari"
    },
    {
        "username":"yang5",
        "name":"Justin",
        "password":"bangkit2024",
        "age":22,
        "email":"yang5@gmail.com",
        "city":"Pangandara",
        "prefered_category":"Pusat Perbelanjaan"
    },
    {
        "username":"yang6",
        "name":"Indra bekti",
        "password":"bangkit2024",
        "age":22,
        "email":"yang6@gmail.com",
        "city":"Cilacap",
        "prefered_category":"Tempat Ibadah"
    },
    {
        "username":"yang7",
        "name":"Eripras",
        "password":"bangkit2024",
        "age":22,
        "email":"yang7@gmail.com",
        "city":"Kebumen",
        "prefered_category":"Argowisata"
    },
    {
        "username":"yang8",
        "name":"Hassan",
        "password":"bangkit2024",
        "age":22,
        "email":"yang8@gmail.com",
        "city":"Semarang",
        "prefered_category":"Belanja"
    },
    {
        "username":"yang9",
        "name":"Indah Maulana",
        "password":"bangkit2024",
        "age":22,
        "email":"yang9@gmail.com",
        "city":"Rembang",
        "prefered_category":"Alam"
    },
    {
        "username":"yang10",
        "name":"Zaskia Meka",
        "password":"bangkit2024",
        "age":22,
        "email":"yang10@gmail.com",
        "city":"Sragen",
        "prefered_category":"Rekreasi"
    },
    {
        "username":"yang11",
        "name":"Nikita Willy",
        "password":"bangkit2024",
        "age":22,
        "email":"yang11@gmail.com",
        "city":"Jember",
        "prefered_category":"Religius"
    },
    {
        "username":"yang12",
        "name":"Hwang In Yoep",
        "password":"bangkit2024",
        "age":22,
        "email":"yang12@gmail.com",
        "city":"Surabaya",
        "prefered_category":"Budaya"
    },
    {
        "username":"yang13",
        "name":"Park Ju Gan",
        "password":"bangkit2024",
        "age":22,
        "email":"yang13@gmail.com",
        "city":"Sleman",
        "prefered_category":"Taman Hiburan"
    },
    {
        "username":"yang14",
        "name":"Kim Tea",
        "password":"bangkit2024",
        "age":22,
        "email":"yang14@gmail.com",
        "city":"Bantul",
        "prefered_category":"Cagar Alam"
    },
    {
        "username":"yang15",
        "name":"Miss Gun",
        "password":"bangkit2024",
        "age":22,
        "email":"yang15@gmail.com",
        "city":"Yogyakarta",
        "prefered_category":"Bahari"
    },
    {
        "username":"yang16",
        "name":"Po co",
        "password":"bangkit2024",
        "age":22,
        "email":"yang16@gmail.com",
        "city":"Jakarta",
        "prefered_category":"Pusat Perbelanjaan"
    },
    {
        "username":"yang17",
        "name":"Liyana",
        "password":"bangkit2024",
        "age":22,
        "email":"yang17@gmail.com",
        "city":"Banten",
        "prefered_category":"Tempat Ibadah"
    },
    {
        "username":"yang18",
        "name":"Es batu",
        "password":"bangkit2024",
        "age":22,
        "email":"yang18@gmail.com",
        "city":"Depok",
        "prefered_category":"Argowisata"
    },
    {
        "username":"yang19",
        "name":"Samsung Gr",
        "password":"bangkit2024",
        "age":22,
        "email":"yang19@gmail.com",
        "city":"Bumiayu",
        "prefered_category":"Belanja"
    },
    {
        "username":"yang20",
        "name":"Taro matcha",
        "password":"bangkit2024",
        "age":22,
        "email":"yang20@gmail.com",
        "city":"Tegal",
        "prefered_category":"Alam"
    },
    {
        "username":"yang21",
        "name":"Orang Tua",
        "password":"bangkit2024",
        "age":22,
        "email":"yang21@gmail.com",
        "city":"Klaten",
        "prefered_category":"Rekreasi"
    },
    {
        "username":"yang22",
        "name":"Indolux",
        "password":"bangkit2024",
        "age":22,
        "email":"yang22@gmail.com",
        "city":"Karawang",
        "prefered_category":"Religius"
    },
    {
        "username":"yang23",
        "name":"Pyang Pyong",
        "password":"bangkit2024",
        "age":22,
        "email":"yang23@gmail.com",
        "city":"Bekasi",
        "prefered_category":"Budaya"
    },
    {
        "username":"yang24",
        "name":"Lukman",
        "password":"bangkit2024",
        "age":22,
        "email":"yang24@gmail.com",
        "city":"Wonosobo",
        "prefered_category":"Taman Hiburan"
    },
    {
        "username":"yang25",
        "name":"Sudarno",
        "password":"bangkit2024",
        "age":22,
        "email":"yang25@gmail.com",
        "city":"Yogyakarta",
        "prefered_category":"Cagar Alam"
    },
    {
        "username":"yang26",
        "name":"Mulyono",
        "password":"bangkit2024",
        "age":22,
        "email":"yang26@gmail.com",
        "city":"Wonosobo",
        "prefered_category":"Bahari"
    },
    {
        "username":"yang27",
        "name":"Nur Emha",
        "password":"bangkit2024",
        "age":22,
        "email":"yang27@gmail.com",
        "city":"Bali",
        "prefered_category":"Pusat Perbelanjaan"
    },
    {
        "username":"yang28",
        "name":"Pratiwi",
        "password":"bangkit2024",
        "age":22,
        "email":"yang28@gmail.com",
        "city":"Klaten",
        "prefered_category":"Tempat Ibadah"
    },
    {
        "username":"yang29",
        "name":"Kaluna",
        "password":"bangkit2024",
        "age":22,
        "email":"yang29@gmail.com",
        "city":"Karanganyar",
        "prefered_category":"Argowisata"
    },
    {
        "username":"yang30",
        "name":"Tikaa",
        "password":"bangkit2024",
        "age":22,
        "email":"yang30@gmail.com",
        "city":"Tulungagung",
        "prefered_category":"Belanja"
    },
    {
        "username":"yang31",
        "name":"Surya Paloh",
        "password":"bangkit2024",
        "age":22,
        "email":"yang31@gmail.com",
        "city":"Probolinggo",
        "prefered_category":"Alam"
    },
    {
        "username":"yang32",
        "name":"Fitroh",
        "password":"bangkit2024",
        "age":22,
        "email":"yang32@gmail.com",
        "city":"Blitar",
        "prefered_category":"Rekreasi"
    },
    {
        "username":"yang33",
        "name":"Malik",
        "password":"bangkit2024",
        "age":22,
        "email":"yang33@gmail.com",
        "city":"Pasuruan",
        "prefered_category":"Religius"
    },
    {
        "username":"yang34",
        "name":"Akbar",
        "password":"bangkit2024",
        "age":22,
        "email":"yang34@gmail.com",
        "city":"Pacitan",
        "prefered_category":"Budaya"
    },
    {
        "username":"yang35",
        "name":"Ningsih",
        "password":"bangkit2024",
        "age":22,
        "email":"yang35@gmail.com",
        "city":"Malang",
        "prefered_category":"Taman Hiburan"
    },
    {
        "username":"yang36",
        "name":"Mingyu",
        "password":"bangkit2024",
        "age":22,
        "email":"yang36@gmail.com",
        "city":"Madiun",
        "prefered_category":"Cagar Alam"
    },
    {
        "username":"yang37",
        "name":"Sanha",
        "password":"bangkit2024",
        "age":22,
        "email":"yang37@gmail.com",
        "city":"Ngawi",
        "prefered_category":"Bahari"
    },
    {
        "username":"yang38",
        "name":"Putri",
        "password":"bangkit2024",
        "age":22,
        "email":"yang38@gmail.com",
        "city":"Wonogiri",
        "prefered_category":"Pusat Perbelanjaan"
    },
    {
        "username":"yang39",
        "name":"Siluman",
        "password":"bangkit2024",
        "age":22,
        "email":"yang39@gmail.com",
        "city":"Surabaya",
        "prefered_category":"Tempat Ibadah"
    },
    {
        "username":"yang40",
        "name":"Putra",
        "password":"bangkit2024",
        "age":22,
        "email":"yang40@gmail.com",
        "city":"Batu",
        "prefered_category":"Argowisata"
    },
    {
        "username":"yang41",
        "name":"Habib",
        "password":"bangkit2024",
        "age":22,
        "email":"yang41@gmail.com",
        "city":"Pemalang",
        "prefered_category":"Belanja"
    },
    {
        "username":"yang42",
        "name":"talabumi",
        "password":"bangkit2024",
        "age":22,
        "email":"yang42@gmail.com",
        "city":"Jepara",
        "prefered_category":"Alam"
    },
    {
        "username":"yang43",
        "name":"Coffe",
        "password":"bangkit2024",
        "age":22,
        "email":"yang43@gmail.com",
        "city":"Pati",
        "prefered_category":"Alam"
    },
    {
        "username":"yang44",
        "name":"Aca",
        "password":"bangkit2024",
        "age":22,
        "email":"yang44@gmail.com",
        "city":"Cimahi",
        "prefered_category":"Taman Hiburan"
    },
    {
        "username":"yang45",
        "name":"Ikmal",
        "password":"bangkit2024",
        "age":22,
        "email":"yang45@gmail.com",
        "city":"Sukabumi",
        "prefered_category":"Budaya"
    },
    {
        "username":"yang46",
        "name":"Lusi",
        "password":"bangkit2024",
        "age":22,
        "email":"yang46@gmail.com",
        "city":"Tasikmalaya",
        "prefered_category":"Belanja"
    },
    {
        "username":"yang47",
        "name":"Windah",
        "password":"bangkit2024",
        "age":22,
        "email":"yang47@gmail.com",
        "city":"Cianjur",
        "prefered_category":"Bahari"
    },
    {
        "username":"yang48",
        "name":"Baim",
        "password":"bangkit2024",
        "age":22,
        "email":"yang48@gmail.com",
        "city":"Cirebon",
        "prefered_category":"Bahari"
    },
    {
        "username":"yang49",
        "name":"Rafatar",
        "password":"bangkit2024",
        "age":22,
        "email":"yang49@gmail.com",
        "city":"Garut",
        "prefered_category":"Tempat Ibadah"
    },
    {
        "username":"yang50",
        "name":"ZEe",
        "password":"bangkit2024",
        "age":22,
        "email":"yang50@gmail.com",
        "city":"Bandung",
        "prefered_category":"Rekreasi"
    }
]