[
    {
        "item_id": 177
    },
    {
        "item_id": 144
    },
    {
        "item_id": 48
    },
    {
        "item_id": 142
    },
    {
        "item_id": 307
    },
    {
        "item_id": 138
    },
    {
        "item_id": 16
    },
    {
        "item_id": 427
    },
    {
        "item_id": 108
    },
    {
        "item_id": 214
    },
    {
        "item_id": 297
    },
    {
        "item_id": 205
    },
    {
        "item_id": 135
    },
    {
        "item_id": 93
    },
    {
        "item_id": 337
    }
]