[
    {
        "item_id": 135
    },
    {
        "item_id": 359
    },
    {
        "item_id": 341
    },
    {
        "item_id": 233
    },
    {
        "item_id": 383
    },
    {
        "item_id": 298
    },
    {
        "item_id": 270
    },
    {
        "item_id": 208
    },
    {
        "item_id": 299
    },
    {
        "item_id": 268
    },
    {
        "item_id": 74
    },
    {
        "item_id": 474
    },
    {
        "item_id": 84
    },
    {
        "item_id": 127
    },
    {
        "item_id": 311
    }
]