[
    {
        "item_id": 347
    },
    {
        "item_id": 218
    },
    {
        "item_id": 43
    },
    {
        "item_id": 277
    },
    {
        "item_id": 184
    },
    {
        "item_id": 188
    },
    {
        "item_id": 305
    },
    {
        "item_id": 447
    },
    {
        "item_id": 30
    },
    {
        "item_id": 154
    },
    {
        "item_id": 411
    },
    {
        "item_id": 503
    },
    {
        "item_id": 43
    },
    {
        "item_id": 60
    },
    {
        "item_id": 366
    }
]