[
    {
        "item_id": 504
    },
    {
        "item_id": 58
    },
    {
        "item_id": 178
    },
    {
        "item_id": 106
    },
    {
        "item_id": 360
    },
    {
        "item_id": 136
    },
    {
        "item_id": 504
    },
    {
        "item_id": 448
    },
    {
        "item_id": 297
    },
    {
        "item_id": 292
    },
    {
        "item_id": 24
    },
    {
        "item_id": 254
    },
    {
        "item_id": 387
    },
    {
        "item_id": 400
    },
    {
        "item_id": 438
    }
]