[
    {
        "item_id": 51
    },
    {
        "item_id": 336
    },
    {
        "item_id": 33
    },
    {
        "item_id": 367
    },
    {
        "item_id": 398
    },
    {
        "item_id": 439
    },
    {
        "item_id": 232
    },
    {
        "item_id": 14
    },
    {
        "item_id": 209
    },
    {
        "item_id": 349
    },
    {
        "item_id": 209
    },
    {
        "item_id": 478
    },
    {
        "item_id": 509
    },
    {
        "item_id": 102
    },
    {
        "item_id": 77
    }
]