[
    {
        "item_id": 228
    },
    {
        "item_id": 306
    },
    {
        "item_id": 151
    },
    {
        "item_id": 341
    },
    {
        "item_id": 486
    },
    {
        "item_id": 249
    },
    {
        "item_id": 194
    },
    {
        "item_id": 32
    },
    {
        "item_id": 400
    },
    {
        "item_id": 512
    },
    {
        "item_id": 370
    },
    {
        "item_id": 21
    },
    {
        "item_id": 281
    },
    {
        "item_id": 258
    },
    {
        "item_id": 41
    }
]