[
    {
        "item_id": 338
    },
    {
        "item_id": 144
    },
    {
        "item_id": 512
    },
    {
        "item_id": 393
    },
    {
        "item_id": 359
    },
    {
        "item_id": 396
    },
    {
        "item_id": 208
    },
    {
        "item_id": 178
    },
    {
        "item_id": 215
    },
    {
        "item_id": 174
    },
    {
        "item_id": 9
    },
    {
        "item_id": 15
    },
    {
        "item_id": 119
    },
    {
        "item_id": 500
    },
    {
        "item_id": 159
    }
]