[
    {
        "item_id": 376
    },
    {
        "item_id": 192
    },
    {
        "item_id": 219
    },
    {
        "item_id": 398
    },
    {
        "item_id": 272
    },
    {
        "item_id": 268
    },
    {
        "item_id": 388
    },
    {
        "item_id": 79
    },
    {
        "item_id": 392
    },
    {
        "item_id": 469
    },
    {
        "item_id": 256
    },
    {
        "item_id": 281
    },
    {
        "item_id": 41
    },
    {
        "item_id": 131
    },
    {
        "item_id": 221
    }
]