[
    {
        "item_id": 418
    },
    {
        "item_id": 410
    },
    {
        "item_id": 367
    },
    {
        "item_id": 18
    },
    {
        "item_id": 354
    },
    {
        "item_id": 508
    },
    {
        "item_id": 467
    },
    {
        "item_id": 257
    },
    {
        "item_id": 136
    },
    {
        "item_id": 291
    },
    {
        "item_id": 173
    },
    {
        "item_id": 182
    },
    {
        "item_id": 123
    },
    {
        "item_id": 172
    },
    {
        "item_id": 318
    }
]