[
    {
        "item_id": 16
    },
    {
        "item_id": 151
    },
    {
        "item_id": 285
    },
    {
        "item_id": 328
    },
    {
        "item_id": 505
    },
    {
        "item_id": 457
    },
    {
        "item_id": 323
    },
    {
        "item_id": 270
    },
    {
        "item_id": 372
    },
    {
        "item_id": 347
    },
    {
        "item_id": 159
    },
    {
        "item_id": 95
    },
    {
        "item_id": 207
    },
    {
        "item_id": 103
    },
    {
        "item_id": 63
    }
]