[
    {
        "item_id": 368
    },
    {
        "item_id": 137
    },
    {
        "item_id": 46
    },
    {
        "item_id": 57
    },
    {
        "item_id": 164
    },
    {
        "item_id": 340
    },
    {
        "item_id": 236
    },
    {
        "item_id": 321
    },
    {
        "item_id": 47
    },
    {
        "item_id": 276
    },
    {
        "item_id": 478
    },
    {
        "item_id": 493
    },
    {
        "item_id": 325
    },
    {
        "item_id": 285
    },
    {
        "item_id": 440
    }
]