[
    {
        "item_id": 48
    },
    {
        "item_id": 391
    },
    {
        "item_id": 453
    },
    {
        "item_id": 40
    },
    {
        "item_id": 10
    },
    {
        "item_id": 349
    },
    {
        "item_id": 354
    },
    {
        "item_id": 489
    },
    {
        "item_id": 329
    },
    {
        "item_id": 159
    },
    {
        "item_id": 22
    },
    {
        "item_id": 91
    },
    {
        "item_id": 442
    },
    {
        "item_id": 383
    },
    {
        "item_id": 353
    }
]