[
    {
        "item_id": 212
    },
    {
        "item_id": 248
    },
    {
        "item_id": 249
    },
    {
        "item_id": 111
    },
    {
        "item_id": 315
    },
    {
        "item_id": 449
    },
    {
        "item_id": 68
    },
    {
        "item_id": 391
    },
    {
        "item_id": 289
    },
    {
        "item_id": 508
    },
    {
        "item_id": 215
    },
    {
        "item_id": 194
    },
    {
        "item_id": 241
    },
    {
        "item_id": 130
    },
    {
        "item_id": 83
    }
]