[
    {
        "item_id": 370
    },
    {
        "item_id": 453
    },
    {
        "item_id": 15
    },
    {
        "item_id": 490
    },
    {
        "item_id": 275
    },
    {
        "item_id": 29
    },
    {
        "item_id": 285
    },
    {
        "item_id": 464
    },
    {
        "item_id": 503
    },
    {
        "item_id": 507
    },
    {
        "item_id": 150
    },
    {
        "item_id": 44
    },
    {
        "item_id": 165
    },
    {
        "item_id": 61
    },
    {
        "item_id": 423
    }
]