[
    {
        "item_id": 171
    },
    {
        "item_id": 392
    },
    {
        "item_id": 50
    },
    {
        "item_id": 209
    },
    {
        "item_id": 82
    },
    {
        "item_id": 291
    },
    {
        "item_id": 73
    },
    {
        "item_id": 93
    },
    {
        "item_id": 447
    },
    {
        "item_id": 288
    },
    {
        "item_id": 489
    },
    {
        "item_id": 173
    },
    {
        "item_id": 390
    },
    {
        "item_id": 272
    },
    {
        "item_id": 287
    }
]