[
    {
        "item_id": 66
    },
    {
        "item_id": 314
    },
    {
        "item_id": 324
    },
    {
        "item_id": 156
    },
    {
        "item_id": 445
    },
    {
        "item_id": 287
    },
    {
        "item_id": 79
    },
    {
        "item_id": 432
    },
    {
        "item_id": 383
    },
    {
        "item_id": 432
    },
    {
        "item_id": 463
    },
    {
        "item_id": 160
    },
    {
        "item_id": 175
    },
    {
        "item_id": 313
    },
    {
        "item_id": 54
    }
]