[
    {
        "item_id": 2
    },
    {
        "item_id": 374
    },
    {
        "item_id": 444
    },
    {
        "item_id": 413
    },
    {
        "item_id": 444
    },
    {
        "item_id": 357
    },
    {
        "item_id": 381
    },
    {
        "item_id": 157
    },
    {
        "item_id": 410
    },
    {
        "item_id": 134
    },
    {
        "item_id": 328
    },
    {
        "item_id": 465
    },
    {
        "item_id": 410
    },
    {
        "item_id": 6
    },
    {
        "item_id": 58
    }
]