[
    {
        "item_id": 223
    },
    {
        "item_id": 218
    },
    {
        "item_id": 218
    },
    {
        "item_id": 465
    },
    {
        "item_id": 88
    },
    {
        "item_id": 48
    },
    {
        "item_id": 75
    },
    {
        "item_id": 409
    },
    {
        "item_id": 453
    },
    {
        "item_id": 203
    },
    {
        "item_id": 63
    },
    {
        "item_id": 107
    },
    {
        "item_id": 382
    },
    {
        "item_id": 25
    },
    {
        "item_id": 160
    }
]