[
    {
        "item_id": 85
    },
    {
        "item_id": 335
    },
    {
        "item_id": 226
    },
    {
        "item_id": 195
    },
    {
        "item_id": 247
    },
    {
        "item_id": 304
    },
    {
        "item_id": 165
    },
    {
        "item_id": 471
    },
    {
        "item_id": 237
    },
    {
        "item_id": 334
    },
    {
        "item_id": 236
    },
    {
        "item_id": 475
    },
    {
        "item_id": 385
    },
    {
        "item_id": 114
    },
    {
        "item_id": 120
    }
]