[
    {
        "item_id": 293
    },
    {
        "item_id": 159
    },
    {
        "item_id": 124
    },
    {
        "item_id": 189
    },
    {
        "item_id": 193
    },
    {
        "item_id": 161
    },
    {
        "item_id": 439
    },
    {
        "item_id": 190
    },
    {
        "item_id": 493
    },
    {
        "item_id": 497
    },
    {
        "item_id": 127
    },
    {
        "item_id": 436
    },
    {
        "item_id": 389
    },
    {
        "item_id": 24
    },
    {
        "item_id": 46
    }
]