[
    {
        "item_id": 510
    },
    {
        "item_id": 408
    },
    {
        "item_id": 307
    },
    {
        "item_id": 209
    },
    {
        "item_id": 151
    },
    {
        "item_id": 222
    },
    {
        "item_id": 165
    },
    {
        "item_id": 470
    },
    {
        "item_id": 445
    },
    {
        "item_id": 115
    },
    {
        "item_id": 215
    },
    {
        "item_id": 326
    },
    {
        "item_id": 329
    },
    {
        "item_id": 4
    },
    {
        "item_id": 251
    }
]