[
    {
        "item_id": 62
    },
    {
        "item_id": 271
    },
    {
        "item_id": 89
    },
    {
        "item_id": 194
    },
    {
        "item_id": 75
    },
    {
        "item_id": 105
    },
    {
        "item_id": 74
    },
    {
        "item_id": 480
    },
    {
        "item_id": 188
    },
    {
        "item_id": 489
    },
    {
        "item_id": 151
    },
    {
        "item_id": 215
    },
    {
        "item_id": 375
    },
    {
        "item_id": 141
    },
    {
        "item_id": 132
    }
]