[
    {
        "item_id": 93
    },
    {
        "item_id": 20
    },
    {
        "item_id": 397
    },
    {
        "item_id": 358
    },
    {
        "item_id": 77
    },
    {
        "item_id": 247
    },
    {
        "item_id": 172
    },
    {
        "item_id": 165
    },
    {
        "item_id": 410
    },
    {
        "item_id": 293
    },
    {
        "item_id": 134
    },
    {
        "item_id": 33
    },
    {
        "item_id": 489
    },
    {
        "item_id": 443
    },
    {
        "item_id": 102
    }
]