[
    {
        "item_id": 492
    },
    {
        "item_id": 85
    },
    {
        "item_id": 432
    },
    {
        "item_id": 164
    },
    {
        "item_id": 99
    },
    {
        "item_id": 488
    },
    {
        "item_id": 352
    },
    {
        "item_id": 324
    },
    {
        "item_id": 433
    },
    {
        "item_id": 461
    },
    {
        "item_id": 257
    },
    {
        "item_id": 164
    },
    {
        "item_id": 406
    },
    {
        "item_id": 508
    },
    {
        "item_id": 390
    }
]