[
    {
        "item_id": 408
    },
    {
        "item_id": 412
    },
    {
        "item_id": 318
    },
    {
        "item_id": 209
    },
    {
        "item_id": 94
    },
    {
        "item_id": 6
    },
    {
        "item_id": 84
    },
    {
        "item_id": 99
    },
    {
        "item_id": 227
    },
    {
        "item_id": 481
    },
    {
        "item_id": 33
    },
    {
        "item_id": 301
    },
    {
        "item_id": 274
    },
    {
        "item_id": 339
    },
    {
        "item_id": 311
    }
]