[
    {
        "item_id":378
    },
    {
        "item_id":236
    },
    {
        "item_id":342
    },
    {
        "item_id":508
    }, 
    {
        "item_id":267
    },
    {
        "item_id":244
    },
    {
        "item_id":214
    },
    {
        "item_id":249
    }, 
    {
        "item_id":33
    },
    {
        "item_id":194
    },
    {
        "item_id":267
    },
    {
        "item_id":429
    },
    {
        "item_id":64
    },
    {
        "item_id":373
    },
    {
        "item_id":261
    }
]