[
    {
        "item_id": 51
    },
    {
        "item_id": 144
    },
    {
        "item_id": 292
    },
    {
        "item_id": 491
    },
    {
        "item_id": 376
    },
    {
        "item_id": 164
    },
    {
        "item_id": 209
    },
    {
        "item_id": 5
    },
    {
        "item_id": 275
    },
    {
        "item_id": 491
    },
    {
        "item_id": 359
    },
    {
        "item_id": 380
    },
    {
        "item_id": 283
    },
    {
        "item_id": 359
    },
    {
        "item_id": 404
    }
]