[
    {
        "item_id": 170
    },
    {
        "item_id": 227
    },
    {
        "item_id": 312
    },
    {
        "item_id": 322
    },
    {
        "item_id": 238
    },
    {
        "item_id": 110
    },
    {
        "item_id": 441
    },
    {
        "item_id": 473
    },
    {
        "item_id": 164
    },
    {
        "item_id": 173
    },
    {
        "item_id": 17
    },
    {
        "item_id": 464
    },
    {
        "item_id": 478
    },
    {
        "item_id": 338
    },
    {
        "item_id": 492
    }
]