[
    {
        "item_id": 196
    },
    {
        "item_id": 380
    },
    {
        "item_id": 38
    },
    {
        "item_id": 507
    },
    {
        "item_id": 16
    },
    {
        "item_id": 476
    },
    {
        "item_id": 437
    },
    {
        "item_id": 496
    },
    {
        "item_id": 451
    },
    {
        "item_id": 153
    },
    {
        "item_id": 420
    },
    {
        "item_id": 124
    },
    {
        "item_id": 106
    },
    {
        "item_id": 207
    },
    {
        "item_id": 400
    }
]