[
    {
        "item_id": 131
    },
    {
        "item_id": 350
    },
    {
        "item_id": 291
    },
    {
        "item_id": 122
    },
    {
        "item_id": 289
    },
    {
        "item_id": 38
    },
    {
        "item_id": 295
    },
    {
        "item_id": 34
    },
    {
        "item_id": 357
    },
    {
        "item_id": 244
    },
    {
        "item_id": 136
    },
    {
        "item_id": 55
    },
    {
        "item_id": 18
    },
    {
        "item_id": 175
    },
    {
        "item_id": 333
    }
]