[
    {
        "item_id": 84
    },
    {
        "item_id": 22
    },
    {
        "item_id": 58
    },
    {
        "item_id": 147
    },
    {
        "item_id": 264
    },
    {
        "item_id": 276
    },
    {
        "item_id": 471
    },
    {
        "item_id": 61
    },
    {
        "item_id": 487
    },
    {
        "item_id": 133
    },
    {
        "item_id": 278
    },
    {
        "item_id": 381
    },
    {
        "item_id": 266
    },
    {
        "item_id": 117
    },
    {
        "item_id": 16
    }
]