[
    {
        "item_id": 352
    },
    {
        "item_id": 60
    },
    {
        "item_id": 388
    },
    {
        "item_id": 34
    },
    {
        "item_id": 147
    },
    {
        "item_id": 133
    },
    {
        "item_id": 219
    },
    {
        "item_id": 459
    },
    {
        "item_id": 307
    },
    {
        "item_id": 89
    },
    {
        "item_id": 376
    },
    {
        "item_id": 19
    },
    {
        "item_id": 80
    },
    {
        "item_id": 176
    },
    {
        "item_id": 67
    }
]