[
    {
        "item_id": 301
    },
    {
        "item_id": 198
    },
    {
        "item_id": 439
    },
    {
        "item_id": 332
    },
    {
        "item_id": 133
    },
    {
        "item_id": 35
    },
    {
        "item_id": 298
    },
    {
        "item_id": 299
    },
    {
        "item_id": 464
    },
    {
        "item_id": 354
    },
    {
        "item_id": 239
    },
    {
        "item_id": 488
    },
    {
        "item_id": 378
    },
    {
        "item_id": 393
    },
    {
        "item_id": 30
    }
]