[
    {
        "item_id": 480
    },
    {
        "item_id": 98
    },
    {
        "item_id": 38
    },
    {
        "item_id": 121
    },
    {
        "item_id": 405
    },
    {
        "item_id": 304
    },
    {
        "item_id": 140
    },
    {
        "item_id": 346
    },
    {
        "item_id": 258
    },
    {
        "item_id": 33
    },
    {
        "item_id": 269
    },
    {
        "item_id": 52
    },
    {
        "item_id": 398
    },
    {
        "item_id": 430
    },
    {
        "item_id": 15
    }
]