[
    {
        "item_id": 464
    },
    {
        "item_id": 363
    },
    {
        "item_id": 444
    },
    {
        "item_id": 209
    },
    {
        "item_id": 310
    },
    {
        "item_id": 82
    },
    {
        "item_id": 84
    },
    {
        "item_id": 437
    },
    {
        "item_id": 479
    },
    {
        "item_id": 360
    },
    {
        "item_id": 507
    },
    {
        "item_id": 60
    },
    {
        "item_id": 121
    },
    {
        "item_id": 440
    },
    {
        "item_id": 258
    }
]