[
    {
        "item_id": 410
    },
    {
        "item_id": 277
    },
    {
        "item_id": 85
    },
    {
        "item_id": 407
    },
    {
        "item_id": 276
    },
    {
        "item_id": 420
    },
    {
        "item_id": 138
    },
    {
        "item_id": 192
    },
    {
        "item_id": 81
    },
    {
        "item_id": 253
    },
    {
        "item_id": 149
    },
    {
        "item_id": 138
    },
    {
        "item_id": 434
    },
    {
        "item_id": 100
    },
    {
        "item_id": 490
    }
]