[
    {
        "item_id": 169
    },
    {
        "item_id": 79
    },
    {
        "item_id": 30
    },
    {
        "item_id": 438
    },
    {
        "item_id": 77
    },
    {
        "item_id": 423
    },
    {
        "item_id": 324
    },
    {
        "item_id": 419
    },
    {
        "item_id": 343
    },
    {
        "item_id": 57
    },
    {
        "item_id": 509
    },
    {
        "item_id": 495
    },
    {
        "item_id": 481
    },
    {
        "item_id": 391
    },
    {
        "item_id": 405
    }
]