[
    {
        "item_id": 13
    },
    {
        "item_id": 197
    },
    {
        "item_id": 253
    },
    {
        "item_id": 491
    },
    {
        "item_id": 423
    },
    {
        "item_id": 392
    },
    {
        "item_id": 450
    },
    {
        "item_id": 348
    },
    {
        "item_id": 489
    },
    {
        "item_id": 157
    },
    {
        "item_id": 309
    },
    {
        "item_id": 169
    },
    {
        "item_id": 401
    },
    {
        "item_id": 250
    },
    {
        "item_id": 228
    }
]