[
    {
        "item_id": 459
    },
    {
        "item_id": 149
    },
    {
        "item_id": 153
    },
    {
        "item_id": 132
    },
    {
        "item_id": 307
    },
    {
        "item_id": 181
    },
    {
        "item_id": 266
    },
    {
        "item_id": 422
    },
    {
        "item_id": 498
    },
    {
        "item_id": 230
    },
    {
        "item_id": 101
    },
    {
        "item_id": 257
    },
    {
        "item_id": 62
    },
    {
        "item_id": 132
    },
    {
        "item_id": 320
    }
]