[
    {
        "item_id": 106
    },
    {
        "item_id": 32
    },
    {
        "item_id": 127
    },
    {
        "item_id": 262
    },
    {
        "item_id": 39
    },
    {
        "item_id": 57
    },
    {
        "item_id": 165
    },
    {
        "item_id": 467
    },
    {
        "item_id": 406
    },
    {
        "item_id": 466
    },
    {
        "item_id": 287
    },
    {
        "item_id": 317
    },
    {
        "item_id": 380
    },
    {
        "item_id": 4
    },
    {
        "item_id": 398
    }
]