[
    {
        "item_id": 225
    },
    {
        "item_id": 467
    },
    {
        "item_id": 187
    },
    {
        "item_id": 470
    },
    {
        "item_id": 193
    },
    {
        "item_id": 486
    },
    {
        "item_id": 373
    },
    {
        "item_id": 223
    },
    {
        "item_id": 220
    },
    {
        "item_id": 233
    },
    {
        "item_id": 256
    },
    {
        "item_id": 495
    },
    {
        "item_id": 266
    },
    {
        "item_id": 242
    },
    {
        "item_id": 14
    }
]