[
    {
        "item_id": 245,
        "rating": 2,
        "review": "Bisa lebih baik",
        "userLat": -6819600,
        "userLon": 1075960000
    },
    {
        "item_id": 190,
        "rating": 1,
        "review": "Sangat buruk",
        "userLat": -80045500,
        "userLon": 1102700000
    },
    {
        "item_id": 28,
        "rating": 5,
        "review": "Pengalaman yang fantastis",
        "userLat": -63568100,
        "userLon": 1069060000
    },
    {
        "item_id": 150,
        "rating": 5,
        "review": "Pengalaman yang fantastis",
        "userLat": -78067500,
        "userLon": 1103640000
    },
    {
        "item_id": 117,
        "rating": 1,
        "review": "Tidak puas sama sekali",
        "userLat": -76209000,
        "userLon": 1104220000
    },
    {
        "item_id": 2,
        "rating": 2,
        "review": "Tidak terlalu menyenangkan",
        "userLat": -61376400,
        "userLon": 1068170000
    },
    {
        "item_id": 181,
        "rating": 2,
        "review": "Kurang memuaskan",
        "userLat": -8147070,
        "userLon": 1106080000
    },
    {
        "item_id": 104,
        "rating": 2,
        "review": "Bisa lebih baik",
        "userLat": -77815700,
        "userLon": 1105050000
    },
    {
        "item_id": 129,
        "rating": 3,
        "review": "Lumayan",
        "userLat": -79158000,
        "userLon": 1104370000
    },
    {
        "item_id": 433,
        "rating": 1,
        "review": "Tidak puas sama sekali",
        "userLat": -74338600,
        "userLon": 1127200000
    },
    {
        "item_id": 178,
        "rating": 4,
        "review": "Sangat memuaskan",
        "userLat": -79339700,
        "userLon": 110652000
    },
    {
        "item_id": 359,
        "rating": 3,
        "review": "Lumayan",
        "userLat": -72255000,
        "userLon": 1103460000
    },
    {
        "item_id": 486,
        "rating": 5,
        "review": "Pengalaman yang fantastis",
        "userLat": -8.8443,
        "userLon": 115.187
    },
    {
        "item_id": 400,
        "rating": 1,
        "review": "Sangat buruk",
        "userLat": -72941900,
        "userLon": 1128020000
    },
    {
        "item_id": 415,
        "rating": 3,
        "review": "Standar",
        "userLat": -72353900,
        "userLon": -72353900
    },
    {
        "item_id": 314,
        "rating": 4,
        "review": "Menyenangkan",
        "userLat": -68426400,
        "userLon": 1076230000
    },
    {
        "item_id": 110,
        "rating": 1,
        "review": "Tidak puas sama sekali",
        "userLat": -78010100,
        "userLon": 1103650000
    },
    {
        "item_id": 379,
        "rating": 1,
        "review": "Pengalaman yang buruk",
        "userLat": -72721600,
        "userLon": 1104700000
    },
    {
        "item_id": 273,
        "rating": 4,
        "review": "Bagus",
        "userLat": -6790390,
        "userLon": 1075780000
    },
    {
        "item_id": 488,
        "rating": 4,
        "review": "Menyenangkan",
        "userLat": -8.49722,
        "userLon": 115.612
    }
]