[
    {
        "item_id": 54,
        "rating": 3,
        "review": "Lumayan",
        "userLat": -63401500,
        "userLon": 1069010000
    },
    {
        "item_id": 406,
        "rating": 1,
        "review": "Pengalaman yang buruk",
        "userLat": -73123700,
        "userLon": 1127890000
    },
    {
        "item_id": 327,
        "rating": 4,
        "review": "Bagus",
        "userLat": -6817330,
        "userLon": 10761800
    },
    {
        "item_id": 424,
        "rating": 3,
        "review": "Cukup baik",
        "userLat": -72509200,
        "userLon": 1128010000
    },
    {
        "item_id": 368,
        "rating": 5,
        "review": "Pengalaman yang fantastis",
        "userLat": -7267540,
        "userLon": 110418000
    },
    {
        "item_id": 144,
        "rating": 1,
        "review": "Pengalaman yang buruk",
        "userLat": -80281600,
        "userLon": 1106380000
    },
    {
        "item_id": 141,
        "rating": 1,
        "review": "Pengalaman yang buruk",
        "userLat": -75829200,
        "userLon": 1104480000
    },
    {
        "item_id": 359,
        "rating": 2,
        "review": "Tidak terlalu menyenangkan",
        "userLat": -72255000,
        "userLon": 1103460000
    },
    {
        "item_id": 107,
        "rating": 4,
        "review": "Sangat memuaskan",
        "userLat": -78052800,
        "userLon": 1103640000
    },
    {
        "item_id": 493,
        "rating": 4,
        "review": "Menyenangkan",
        "userLat": -8.50691,
        "userLon": 115.263
    },
    {
        "item_id": 210,
        "rating": 1,
        "review": "Sangat buruk",
        "userLat": -79075400,
        "userLon": 1100540000
    },
    {
        "item_id": 457,
        "rating": 3,
        "review": "Cukup baik",
        "userLat": -8.4645,
        "userLon": 115.256
    },
    {
        "item_id": 248,
        "rating": 4,
        "review": "Sangat memuaskan",
        "userLat": -68778600,
        "userLon": 1075720000
    },
    {
        "item_id": 119,
        "rating": 4,
        "review": "Sangat memuaskan",
        "userLat": -78081500,
        "userLon": 1104600000
    },
    {
        "item_id": 243,
        "rating": 4,
        "review": "Bagus",
        "userLat": -69154500,
        "userLon": 107641000
    },
    {
        "item_id": 264,
        "rating": 3,
        "review": "Cukup baik",
        "userLat": -69148400,
        "userLon": 1076110000
    },
    {
        "item_id": 62,
        "rating": 2,
        "review": "Bisa lebih baik",
        "userLat": -63039000,
        "userLon": 1068940000
    },
    {
        "item_id": 299,
        "rating": 4,
        "review": "Menyenangkan",
        "userLat": -67495300,
        "userLon": 107479000
    },
    {
        "item_id": 338,
        "rating": 1,
        "review": "Pengalaman yang buruk",
        "userLat": -69839100,
        "userLon": 1104100000
    },
    {
        "item_id": 136,
        "rating": 3,
        "review": "Standar",
        "userLat": -76340200,
        "userLon": 11033800
    }
]